NAME,SCHOOL_BOARD,MUN,LATITUDE,LONGITUDE,SCHOOL_TYPE,2013 RATING,2014 RATING,2015 RATING,2016 RATING,2017 RATING,INCOME,INCOME_BINS
BREBEUF COLLEGE SCHOOL,ES,North York,43.8015247769,-79.4030414077,SECONDARY,5.8,6.5,5.5,5.2,5.8,130944.0,6
BRIAN PUBLIC SCHOOL,EP,North York,43.7817281249,-79.3318098371,ELEMENTARY,6.7,7.8,7.4,7.6,8.2,97280.0,4
BRIDLEWOOD JUNIOR PUBLIC SCHOOL,EP,Scarborough,43.7808048754,-79.3150986096,ELEMENTARY,9.2,8.3,8.5,8.1,7.1,123072.0,6
BRIMWOOD BOULEVARD JUNIOR PUBLIC SCHOOL,EP,Scarborough,43.8117085028,-79.2740928716,ELEMENTARY,6.7,7.1,7.0,7.3,6.5,57728.0,2
BROCK JUNIOR PUBLIC SCHOOL,EP,former Toronto,43.6530582733,-79.4378473815,ELEMENTARY,7.0,6.6,6.6,6.2,7.5,64256.0,3
BROOKSIDE PUBLIC SCHOOL,EP,Scarborough,43.830571737,-79.233607527,ELEMENTARY,7.7,7.9,7.6,7.3,7.4,108971.0,5
BROWN JUNIOR PUBLIC SCHOOL,EP,former Toronto,43.684912913,-79.401312277,ELEMENTARY,8.4,8.8,8.5,8.4,6.7,80128.0,4
BEAUMONDE HEIGHTS JUNIOR MIDDLE SCHOOL,EP,Etobicoke,43.7429657259,-79.575533843,ELEMENTARY,7.9,7.8,7.4,6.6,5.9,63360.0,3
BELLMERE JUNIOR PUBLIC SCHOOL,EP,Scarborough,43.7719778947,-79.2351500731,ELEMENTARY,6.6,7.8,7.2,7.3,7.7,73984.0,3
BENDALE BUSINESS AND TECHNICAL INSTITUTE,EP,Scarborough,43.7553483643,-79.2647462877,SECONDARY,0.0,0.0,0.0,0.0,0.0,52896.0,2
BENNINGTON HEIGHTS ELEMENTARY SCHOOL,EP,East York,43.6938910519,-79.3695558663,ELEMENTARY,9.0,7.6,7.5,6.0,9.0,250368.0,10
BERNER TRAIL JUNIOR PUBLIC SCHOOL,EP,Scarborough,43.8015707053,-79.2213557626,ELEMENTARY,5.2,5.3,5.3,5.4,6.4,68250.0,3
BESSBOROUGH DRIVE ELEMENTARY AND MIDDLE SCHOOL,EP,East York,43.7072233277,-79.3701384417,ELEMENTARY,8.5,8.9,8.6,8.3,7.4,192000.0,9
BEVERLY GLEN JUNIOR PUBLIC SCHOOL,EP,Scarborough,43.7986617097,-79.3230708612,ELEMENTARY,7.2,9.0,8.0,7.9,7.1,61227.0,3
BIALIK HEBREW DAY SCH,PR,North York,43.7107150166,-79.4281261382,ELEMENTARY,9.2,8.8,8.9,8.6,8.3,59008.0,2
BIRCH CLIFF HEIGHTS PUBLIC SCHOOL,EP,Scarborough,43.7017499908,-79.2598198285,ELEMENTARY,5.7,4.5,5.4,6.0,6.3,80768.0,4
BIRCH CLIFF PUBLIC SCHOOL,EP,Scarborough,43.691997318,-79.2655718249,ELEMENTARY,6.0,4.8,5.8,6.7,5.9,88320.0,4
BIRCHMOUNT PARK COLLEGIATE INSTITUTE,EP,Scarborough,43.6977616234,-79.2594577219,SECONDARY,4.3,4.3,3.7,4.0,4.4,12432.0,0
BISHOP ALLEN ACADEMY,ES,Etobicoke,43.6344364929,-79.5044679526,SECONDARY,8.0,8.0,8.6,7.8,7.1,120448.0,6
BLANTYRE PUBLIC SCHOOL,EP,Scarborough,43.6851086748,-79.2838678574,ELEMENTARY,6.6,7.2,6.7,6.4,6.2,94336.0,4
BRUCE JUNIOR PUBLIC SCHOOL,EP,former Toronto,43.6610444015,-79.3333392772,ELEMENTARY,4.6,5.3,5.4,6.3,5.6,81664.0,4
BUCHANAN PUBLIC SCHOOL,EP,Scarborough,43.7515342118,-79.2998952835,ELEMENTARY,6.1,4.6,5.4,5.6,2.7,79872.0,3
BURROWS HALL JUNIOR PUBLIC SCHOOL,EP,Scarborough,43.792697958,-79.228818013,ELEMENTARY,6.9,5.7,6.2,6.1,6.3,87296.0,4
C W JEFFERYS COLLEGIATE INSTITUTE,EP,North York,43.757685053,-79.5000938732,SECONDARY,3.7,3.1,5.0,4.9,5.9,68480.0,3
CHARLOTTETOWN JUNIOR PUBLIC SCHOOL,EP,Scarborough,43.782070232,-79.142208961,ELEMENTARY,7.1,7.1,7.2,7.3,7.2,84224.0,4
CHARTLAND JUNIOR PUBLIC SCHOOL,EP,Scarborough,43.7996268603,-79.2779255043,ELEMENTARY,7.7,8.1,8.1,8.5,7.5,80640.0,4
CHEROKEE PUBLIC SCHOOL,EP,North York,43.7987713568,-79.338617981,ELEMENTARY,9.0,10.0,9.2,8.6,7.3,65152.0,3
CHESTER LE JUNIOR PUBLIC SCHOOL,EP,Scarborough,43.798587703,-79.331095334,ELEMENTARY,3.5,5.4,4.7,5.3,0.2,62848.0,3
CHIEF DAN GEORGE PUBLIC SCHOOL,EP,Scarborough,43.8027309297,-79.1638378315,ELEMENTARY,5.4,3.2,4.6,5.2,5.5,57088.0,2
CHINE DRIVE PUBLIC SCHOOL,EP,Scarborough,43.709982589,-79.241796888,ELEMENTARY,7.7,6.6,7.2,7.3,7.9,113920.0,5
CHURCH STREET JUNIOR PUBLIC SCHOOL,EP,former Toronto,43.663608426,-79.37917817,ELEMENTARY,6.6,6.9,6.7,6.6,6.1,30656.0,1
CHURCHILL HEIGHTS PUBLIC SCHOOL,EP,Scarborough,43.7729977223,-79.2243958398,ELEMENTARY,7.6,7.2,7.7,8.4,7.9,75776.0,3
CITY SCHOOL,EP,former Toronto,43.6357573919,-79.3971908313,SECONDARY,2.3,2.3,2.3,2.3,1.5,76672.0,3
CLAIRLEA PUBLIC SCHOOL,EP,Scarborough,43.7165985793,-79.2961898941,ELEMENTARY,6.7,6.6,6.5,6.1,6.3,88832.0,4
CLINTON STREET JUNIOR PUBLIC SCHOOL,EP,former Toronto,43.657646075,-79.414057574,ELEMENTARY,8.0,7.1,7.2,6.5,6.0,78080.0,3
CORNELL JUNIOR PUBLIC SCHOOL,EP,Scarborough,43.759392572,-79.218038218,ELEMENTARY,6.9,5.9,6.5,6.6,7.0,74240.0,3
CORVETTE JUNIOR PUBLIC SCHOOL,EP,Scarborough,43.72649371,-79.262162924,ELEMENTARY,4.6,4.3,4.4,4.3,4.0,28715.0,1
COTTINGHAM JUNIOR PUBLIC SCHOOL,EP,former Toronto,43.6803880219,-79.3956122531,ELEMENTARY,10.0,9.9,9.9,9.8,9.8,118272.0,5
CRESTVIEW PUBLIC SCHOOL,EP,North York,43.78843218,-79.359846604,ELEMENTARY,7.4,8.1,7.8,7.8,8.1,84672.0,4
DALLINGTON PUBLIC SCHOOL,EP,North York,43.7771367306,-79.3547585895,ELEMENTARY,8.3,8.3,8.0,7.3,7.9,99072.0,4
DANFORTH GARDENS PUBLIC SCHOOL,EP,Scarborough,43.7084641565,-79.2709805959,SECONDARY,4.1,4.0,3.9,4.5,4.8,73984.0,3
DANTE ALIGHIERI ACADEMY - BEATRICE CAMPUS,ES,North York,43.728972908,-79.441355451,SECONDARY,4.9,5.6,5.1,4.9,4.9,59840.0,2
D'ARCY MCGEE CATHOLIC ELEMENTARY SCHOOL,ES,York,43.6922642125,-79.4429148435,ELEMENTARY,2.8,3.1,3.0,3.0,3.6,59776.0,2
DAVID AND MARY THOMSON COLLEGIATE INSTITUTE,EP,Scarborough,43.7536151702,-79.2595823284,SECONDARY,4.0,3.5,3.7,4.0,3.2,46464.0,2
CANADIAN MARTYRS CATHOLIC ELEMENTARY SCHOOL,ES,East York,43.69820851,-79.3193418547,ELEMENTARY,7.4,7.0,7.2,7.2,7.1,99072.0,4
CARDINAL LEGER CATHOLIC ELEMENTARY SCHOOL,ES,Scarborough,43.7931044192,-79.1757110912,ELEMENTARY,6.9,7.6,7.3,7.3,6.4,110848.0,5
CARLETON VILLAGE JUNIOR & SENIOR PUBLIC SCHOOL,EP,former Toronto,43.6723613883,-79.4600320573,ELEMENTARY,1.6,2.7,1.6,0.4,2.3,61440.0,3
CEDAR DRIVE JUNIOR PUBLIC SCHOOL,EP,Scarborough,43.745861417,-79.2150541311,ELEMENTARY,4.8,4.1,4.6,5.0,4.7,50347.0,2
CEDARBROOK JUNIOR PUBLIC SCHOOL,EP,Scarborough,43.7473019996,-79.2301959391,ELEMENTARY,7.0,7.2,7.4,7.9,6.9,86528.0,4
CEDARVALE COMMUNITY SCHOOL,EP,York,43.6961388705,-79.4303308145,ELEMENTARY,8.6,8.7,8.4,8.0,8.6,274944.0,10
CENTRAL COMMERCE COLLEGIATE INSTITUTE,EP,former Toronto,43.657987046,-79.422001861,SECONDARY,3.7,3.2,3.0,3.1,3.6,93440.0,4
CENTRAL ETOBICOKE HIGH SCHOOL,EP,Etobicoke,43.679018556,-79.555488934,SECONDARY,3.4,2.6,2.5,2.3,3.1,32256.0,1
CHARLES E WEBSTER JUNIOR PUBLIC SCHOOL,EP,York,43.6934430277,-79.475102782,ELEMENTARY,4.4,4.4,4.5,4.6,3.6,52352.0,2
CHARLES G FRASER JUNIOR PUBLIC SCHOOL,EP,former Toronto,43.6485386683,-79.4094868686,ELEMENTARY,6.1,5.1,6.0,6.7,6.9,74112.0,3
DAVID LEWIS PUBLIC SCHOOL,EP,Scarborough,43.8092053218,-79.3178892896,ELEMENTARY,8.6,9.9,9.4,9.6,8.7,82944.0,4
DAVISVILLE JUNIOR PUBLIC SCHOOL,EP,former Toronto,43.6992850174,-79.394899687,ELEMENTARY,7.8,6.6,7.5,8.0,7.6,47232.0,2
DENLOW PUBLIC SCHOOL,EP,North York,43.7458480917,-79.3642309643,ELEMENTARY,9.8,9.6,9.7,9.6,8.8,161280.0,8
DEWSON STREET JUNIOR PUBLIC SCHOOL,EP,former Toronto,43.6565576496,-79.4245879346,ELEMENTARY,5.6,6.4,6.8,8.4,7.3,69632.0,3
DIXON GROVE JUNIOR MIDDLE SCHOOL,EP,Etobicoke,43.6847177512,-79.5559579304,ELEMENTARY,4.9,5.8,5.4,5.6,4.9,98304.0,4
DON MILLS COLLEGIATE INSTITUTE,EP,North York,43.7359678834,-79.3392803758,SECONDARY,7.2,7.5,7.1,7.1,7.2,51584.0,2
ST DEMETRIUS CATHOLIC ELEMENTARY SCHOOL,ES,Etobicoke,43.6846627919,-79.5219692264,ELEMENTARY,9.1,7.6,8.4,8.4,7.8,63317.0,3
ST DENIS CATHOLIC ELEMENTARY SCHOOL,ES,former Toronto,43.6730069342,-79.2899108249,ELEMENTARY,8.2,7.2,7.7,7.7,8.2,101888.0,5
ST DOMINIC SAVIO CATHOLIC ELEMENTARY SCHOOL,ES,Scarborough,43.79828437,-79.15602387,ELEMENTARY,6.0,6.9,6.5,6.5,7.3,113579.0,5
FRANKLAND COMMUNITY SCHOOL,EP,former Toronto,43.677137339,-79.349937446,ELEMENTARY,8.6,8.6,8.1,7.1,8.2,137557.0,6
GALLOWAY ROAD PUBLIC SCHOOL,EP,Scarborough,43.7649934242,-79.196837355,ELEMENTARY,5.2,5.6,5.4,5.4,3.0,50304.0,2
GARDEN AVENUE JUNIOR PUBLIC SCHOOL,EP,former Toronto,43.6432086797,-79.449126951,ELEMENTARY,8.1,8.4,8.3,8.3,8.3,75008.0,3
GATEWAY PUBLIC SCHOOL,EP,North York,43.7117348145,-79.3310123749,ELEMENTARY,6.2,6.4,6.3,6.3,5.6,46669.0,2
GENERAL BROCK PUBLIC SCHOOL,EP,Scarborough,43.71840849,-79.274867231,ELEMENTARY,5.2,4.3,5.3,6.5,5.7,89344.0,4
GENERAL CRERAR PUBLIC SCHOOL,EP,Scarborough,43.7456953679,-79.2795808729,ELEMENTARY,6.4,4.6,6.0,6.9,4.9,49237.0,2
GENERAL MERCER JUNIOR PUBLIC SCHOOL,EP,former Toronto,43.67905973,-79.464012462,ELEMENTARY,2.4,1.2,1.5,0.8,2.9,75520.0,3
GEORGE HARVEY COLLEGIATE INSTITUTE,EP,York,43.684546506,-79.473699191,SECONDARY,3.8,3.2,4.0,3.4,6.3,63104.0,3
GEORGE P MACKIE JUNIOR PUBLIC SCHOOL,EP,Scarborough,43.7393359146,-79.2119971538,ELEMENTARY,5.9,4.6,6.0,7.4,4.4,104704.0,5
GEORGE PECK PUBLIC SCHOOL,EP,Scarborough,43.7382670776,-79.2936384069,ELEMENTARY,4.9,5.9,5.9,7.0,6.4,81024.0,4
GEORGE S HENRY ACADEMY,EP,North York,43.764359961,-79.33992003,SECONDARY,2.9,4.7,4.5,3.6,4.3,47360.0,2
GLAMORGAN JUNIOR PUBLIC SCHOOL,EP,Scarborough,43.771308916,-79.2895570406,ELEMENTARY,7.3,7.0,6.6,5.6,6.7,47936.0,2
GLEDHILL JUNIOR PUBLIC SCHOOL,EP,East York,43.687653478,-79.309514212,ELEMENTARY,5.6,5.9,5.7,5.7,5.1,66475.0,3
GLEN PARK PUBLIC SCHOOL,EP,North York,43.7131808389,-79.4363852421,ELEMENTARY,4.8,5.1,5.4,6.2,6.5,84864.0,4
SENECA HILL PRIVATE,PR,North York,43.7454215217,-79.3466862533,ELEMENTARY,10.0,9.4,9.6,9.5,10.0,122112.0,6
SILVERTHORN COLLEGIATE INSTITUTE,EP,Etobicoke,43.6378444845,-79.5803918431,SECONDARY,6.1,6.7,6.3,5.7,5.7,154624.0,7
ST DOROTHY CATHOLIC ELEMENTARY SCHOOL,ES,Etobicoke,43.7315012917,-79.5917430392,ELEMENTARY,5.3,5.5,5.4,5.4,4.3,71296.0,3
ST DUNSTAN CATHOLIC ELEMENTARY SCHOOL,ES,Scarborough,43.6934377918,-79.2842424053,ELEMENTARY,4.8,4.6,4.7,4.7,6.2,53376.0,2
SIR JOHN A MACDONALD COLLEGIATE INSTITUTE,EP,Scarborough,43.787085969,-79.3236737389,SECONDARY,7.2,7.4,6.8,7.1,7.7,119040.0,5
SIR OLIVER MOWAT COLLEGIATE INSTITUTE,EP,Scarborough,43.7793105502,-79.1422414822,SECONDARY,7.0,6.6,6.2,5.6,5.9,79744.0,3
SIR SAMUEL B STEELE JUNIOR PUBLIC SCHOOL,EP,Scarborough,43.806659324,-79.3274451897,ELEMENTARY,7.4,8.0,8.2,9.1,8.6,92288.0,4
SPRUCECOURT JUNIOR PUBLIC SCHOOL,EP,former Toronto,43.6644945894,-79.3638331483,ELEMENTARY,6.8,6.2,6.1,5.3,6.6,76544.0,3
ST AGATHA CATHOLIC ELEMENTARY SCHOOL,ES,Scarborough,43.7236488054,-79.2298240658,ELEMENTARY,4.4,6.3,5.3,5.3,5.8,103680.0,5
ST AGNES CATHOLIC ELEMENTARY SCHOOL,ES,North York,43.7985840919,-79.4026075055,ELEMENTARY,6.2,8.2,7.2,7.2,5.7,130944.0,6
ST AIDAN CATHOLIC ELEMENTARY SCHOOL,ES,Scarborough,43.7973881015,-79.3093697465,ELEMENTARY,5.5,6.5,6.0,6.0,5.9,75392.0,3
ST ALBERT CATHOLIC ELEMENTARY SCHOOL,ES,Scarborough,43.7436174619,-79.2613695538,ELEMENTARY,6.2,6.7,6.5,6.5,5.0,72064.0,3
ST ALPHONSUS CATHOLIC ELEMENTARY SCHOOL,ES,York,43.68291368,-79.432206444,ELEMENTARY,5.5,4.4,5.0,5.0,4.0,102144.0,5
ST ANDREW CATHOLIC ELEMENTARY SCHOOL,ES,Etobicoke,43.7449397297,-79.5823850816,ELEMENTARY,3.0,3.3,3.1,3.1,5.0,50005.0,2
ST ANDREWS PUBLIC SCHOOL,EP,Scarborough,43.7666538569,-79.2547994819,ELEMENTARY,8.2,6.5,7.3,7.1,7.7,88064.0,4
ST ANGELA CATHOLIC ELEMENTARY SCHOOL,ES,Etobicoke,43.7544314165,-79.5968703818,ELEMENTARY,3.9,4.5,4.2,4.2,5.6,83200.0,4
ST ANSELM CATHOLIC ELEMENTARY SCHOOL,ES,East York,43.7054029749,-79.3715983993,ELEMENTARY,7.9,8.4,8.2,8.2,8.8,192000.0,9
ST ANTHONY CATHOLIC ELEMENTARY SCHOOL,ES,former Toronto,43.6637121027,-79.4349720879,ELEMENTARY,6.3,6.1,6.2,6.2,6.6,65152.0,3
ST ANTOINE DANIEL CATHOLIC ELEMENTARY SCHOOL,ES,North York,43.7770194311,-79.4298480288,ELEMENTARY,5.8,6.0,5.9,5.9,6.1,98304.0,4
ST AUGUSTINE CATHOLIC ELEMENTARY SCHOOL,ES,North York,43.768236518,-79.525064289,ELEMENTARY,5.4,5.5,5.5,5.5,4.3,59520.0,2
ST BARNABAS CATHOLIC ELEMENTARY SCHOOL,ES,Scarborough,43.7972498361,-79.2285151089,ELEMENTARY,5.3,6.8,6.1,6.1,7.3,75008.0,3
ST BARTHOLOMEW CATHOLIC ELEMENTARY SCHOOL,ES,Scarborough,43.7896120199,-79.2716215859,ELEMENTARY,5.9,5.5,5.7,5.7,6.3,60160.0,3
GLEN RAVINE JUNIOR PUBLIC SCHOOL,EP,Scarborough,43.7382332262,-79.254062144,ELEMENTARY,5.9,6.3,5.9,5.5,7.0,49536.0,2
GOLF ROAD JUNIOR PUBLIC SCHOOL,EP,Scarborough,43.7636669242,-79.2169734274,ELEMENTARY,5.9,5.5,5.8,5.9,4.8,54144.0,2
GREENHOLME JUNIOR MIDDLE SCHOOL,EP,Etobicoke,43.7350801204,-79.5829114161,ELEMENTARY,4.9,5.3,4.6,3.6,4.3,48213.0,2
GRENOBLE PUBLIC SCHOOL,EP,North York,43.7152831355,-79.3322557272,ELEMENTARY,6.9,6.0,5.9,4.7,5.2,42304.0,2
GREY OWL JUNIOR PUBLIC SCHOOL,EP,Scarborough,43.8039979108,-79.2133035207,ELEMENTARY,5.7,6.2,6.3,7.1,3.7,45600.0,2
GUILDWOOD JUNIOR PUBLIC SCHOOL,EP,Scarborough,43.7508296829,-79.19998986,ELEMENTARY,1.8,4.1,3.4,4.2,4.8,116139.0,5
H A HALBERT JUNIOR PUBLIC SCHOOL,EP,Scarborough,43.7276582017,-79.231739254,ELEMENTARY,3.9,4.7,3.8,2.9,6.1,70400.0,3
HARBORD COLLEGIATE INSTITUTE,EP,former Toronto,43.661289515,-79.414266618,SECONDARY,7.6,7.5,7.8,7.4,7.2,73600.0,3
HARRISON PUBLIC SCHOOL,EP,North York,43.7573770721,-79.377311858,ELEMENTARY,9.0,9.5,9.1,8.7,9.3,281600.0,10
HARWOOD PUBLIC SCHOOL,EP,York,43.6761944985,-79.4784157486,ELEMENTARY,6.0,4.0,3.9,1.8,4.0,83968.0,4
HEATHER HEIGHTS JUNIOR PUBLIC SCHOOL,EP,Scarborough,43.7751644912,-79.2150719134,ELEMENTARY,3.6,3.3,4.3,6.0,5.1,75520.0,3
HOLY FAMILY CATHOLIC ELEMENTARY SCHOOL,ES,former Toronto,43.63875022,-79.434910996,ELEMENTARY,4.0,3.4,3.7,3.7,4.9,42304.0,2
HOLY NAME CATHOLIC ELEMENTARY SCHOOL,ES,former Toronto,43.6773560871,-79.3472880616,ELEMENTARY,6.5,7.8,7.2,7.2,6.6,103936.0,5
HOLY ROSARY CATHOLIC ELEMENTARY SCHOOL,ES,York,43.6850558999,-79.4140485754,ELEMENTARY,7.0,6.7,6.9,6.9,8.7,90258.0,4
HOWARD JUNIOR PUBLIC SCHOOL,EP,former Toronto,43.6503073011,-79.4519991186,ELEMENTARY,7.6,8.1,8.1,8.6,7.4,93611.0,4
HUMBER VALLEY VILLAGE JUNIOR MIDDLE SCHOOL,EP,Etobicoke,43.6655368721,-79.527340653,ELEMENTARY,7.4,8.2,7.9,8.1,8.1,95872.0,4
HUMBERCREST PUBLIC SCHOOL,EP,York,43.6604612262,-79.4910586436,ELEMENTARY,7.5,8.4,8.1,8.3,7.7,102400.0,5
HUMBERSIDE COLLEGIATE INSTITUTE,EP,former Toronto,43.6599512926,-79.4706460639,SECONDARY,8.2,8.1,8.3,8.1,8.1,110336.0,5
HUNTER'S GLEN JUNIOR PUBLIC SCHOOL,EP,Scarborough,43.745712249,-79.260121987,ELEMENTARY,6.8,6.8,7.2,7.9,7.7,72896.0,3
HURON STREET JUNIOR PUBLIC SCHOOL,EP,former Toronto,43.6710467656,-79.4024143455,ELEMENTARY,8.0,7.4,7.4,6.9,6.8,46976.0,2
IMMACULATE CONCEPTION CATHOLIC ELEMENTARY SCHOOL,ES,North York,43.6976887208,-79.4778249686,ELEMENTARY,5.4,5.1,5.3,5.3,3.4,45696.0,2
FRANCIS LIBERMANN CATHOLIC HIGH SCHOOL,ES,Scarborough,43.8074009571,-79.2743110507,SECONDARY,6.7,5.2,6.7,7.0,6.6,57728.0,2
SILVER SPRINGS PUBLIC SCHOOL,EP,Scarborough,43.8044381226,-79.3023801886,ELEMENTARY,6.8,6.3,6.8,7.2,7.5,62848.0,3
REGENT HEIGHTS PUBLIC SCHOOL,EP,Scarborough,43.7070899034,-79.2889078048,ELEMENTARY,6.2,7.9,7.2,7.4,8.0,71168.0,3
RICHVIEW COLLEGIATE INSTITUTE,EP,Etobicoke,43.6788772094,-79.5389156553,SECONDARY,8.2,8.1,8.2,7.9,7.7,101760.0,5
RIPPLETON PUBLIC SCHOOL,EP,North York,43.7409134352,-79.3601236993,ELEMENTARY,9.1,8.1,8.4,8.0,8.0,135680.0,6
RIVERDALE COLLEGIATE INSTITUTE,EP,former Toronto,43.6700562829,-79.3348630399,SECONDARY,7.8,7.1,6.7,7.1,7.0,78336.0,3
RODEN PUBLIC SCHOOL,EP,former Toronto,43.6738818649,-79.3230796953,ELEMENTARY,6.8,5.1,5.9,5.9,4.2,85504.0,4
ROLPH ROAD ELEMENTARY SCHOOL,EP,East York,43.6997921739,-79.3662546358,ELEMENTARY,7.8,8.3,7.9,7.7,6.7,172544.0,8
ROSE AVENUE JUNIOR PUBLIC SCHOOL,EP,former Toronto,43.6701736615,-79.3725087237,ELEMENTARY,6.2,6.4,6.6,7.1,6.1,44160.0,2
ROSEDALE HEIGHTS SCHOOL OF THE ARTS,EP,former Toronto,43.6739482474,-79.3660195656,ELEMENTARY,9.8,8.7,9.4,9.6,8.7,92160.0,4
ROSELANDS JUNIOR PUBLIC SCHOOL,EP,York,43.6812353739,-79.4990642754,ELEMENTARY,5.0,5.3,5.3,5.5,5.8,60032.0,3
ROUGE VALLEY PUBLIC SCHOOL,EP,Scarborough,43.7993948766,-79.1512905604,ELEMENTARY,4.6,5.1,5.4,6.4,6.9,98048.0,4
RUNNYMEDE COLLEGIATE INSTITUTE,EP,York,43.6635408493,-79.4898146564,SECONDARY,3.6,4.0,2.9,4.4,3.9,93440.0,4
RYERSON COMMUNITY SCHOOL,EP,former Toronto,43.651229126,-79.4026399036,ELEMENTARY,4.8,4.8,5.1,5.7,7.0,80384.0,4
SALAHEDDIN ISLAMIC,PR,Scarborough,43.7308963033,-79.266005746,ELEMENTARY,6.8,6.6,6.9,7.3,7.9,57472.0,2
SATHYA SAI,PR,Scarborough,43.7623316855,-79.2949145835,ELEMENTARY,10.0,10.0,10.0,10.0,10.0,66176.0,3
SCARBOROUGH VILLAGE PUBLIC SCHOOL,EP,Scarborough,43.7441279674,-79.222074981,ELEMENTARY,5.2,3.8,4.0,2.9,3.8,80384.0,4
SCARLETT HEIGHTS ENTREPRENEURIAL ACADEMY,EP,Etobicoke,43.6896453445,-79.5313105349,SECONDARY,2.5,1.3,2.7,1.4,1.3,112384.0,5
ST BASIL THE GREAT COLLEGE SCHOOL,ES,North York,43.72716809,-79.533450698,SECONDARY,5.0,5.2,4.3,5.6,5.8,72704.0,3
ST BENEDICT CATHOLIC ELEMENTARY SCHOOL,ES,Etobicoke,43.7230523769,-79.5733260766,ELEMENTARY,6.9,5.6,6.3,6.3,6.7,79104.0,3
ST BERNARD CATHOLIC ELEMENTARY SCHOOL,ES,North York,43.7025148093,-79.5006111444,ELEMENTARY,6.9,4.2,5.6,5.6,4.9,57216.0,2
ST BONAVENTURE CATHOLIC ELEMENTARY SCHOOL,ES,North York,43.733032343,-79.356253633,ELEMENTARY,8.7,8.4,8.6,8.6,8.5,78848.0,3
ST BONIFACE CATHOLIC ELEMENTARY SCHOOL,ES,Scarborough,43.7409288541,-79.2199762061,ELEMENTARY,6.0,5.8,5.9,5.9,5.6,38336.0,1
ST BRENDAN CATHOLIC ELEMENTARY SCHOOL,ES,Scarborough,43.7825555668,-79.1492537183,ELEMENTARY,7.2,7.9,7.6,7.6,8.5,131840.0,6
ST BRIGID CATHOLIC ELEMENTARY SCHOOL,ES,former Toronto,43.6869575443,-79.316902512,ELEMENTARY,7.2,8.0,7.6,7.6,7.5,111360.0,5
ST CHARLES BORROMEO CATHOLIC ELEMENTARY SCHOOL,ES,North York,43.7132904861,-79.4513539548,ELEMENTARY,5.5,5.2,5.3,5.3,6.2,62464.0,3
ST CHARLES GARNIER CATHOLIC ELEMENTARY SCHOOL,ES,North York,43.7626042799,-79.5181450132,ELEMENTARY,4.4,3.8,4.1,4.1,2.2,77824.0,3
ST CLARE CATHOLIC ELEMENTARY SCHOOL,ES,York,43.6794200483,-79.441554842,ELEMENTARY,6.6,6.6,6.6,6.6,7.6,69888.0,3
ST COLUMBA CATHOLIC ELEMENTARY SCHOOL,ES,Scarborough,43.8062020682,-79.2118305976,ELEMENTARY,3.5,4.6,4.1,4.1,4.8,59264.0,2
ST CONRAD CATHOLIC ELEMENTARY SCHOOL,ES,North York,43.730085254,-79.493454291,ELEMENTARY,4.4,6.2,5.3,5.3,5.0,82176.0,4
AVONDALE PUBLIC SCHOOL,EP,North York,43.7602194442,-79.4001593315,ELEMENTARY,5.8,7.7,6.2,5.2,4.7,121344.0,6
LAKESHORE COLLEGIATE INSTITUTE,EP,Etobicoke,43.6015719891,-79.5191639127,SECONDARY,3.5,3.7,3.2,3.9,4.5,74496.0,3
LAMBTON KINGSWAY JUNIOR MIDDLE SCHOOL,EP,Etobicoke,43.6586658017,-79.5093180864,ELEMENTARY,8.5,8.2,8.5,8.7,8.7,112896.0,5
LAMBTON PARK COMMUNITY SCHOOL,EP,York,43.6675845619,-79.4983107577,ELEMENTARY,4.7,3.9,4.2,3.9,3.3,81152.0,4
LANOR JUNIOR MIDDLE SCHOOL,EP,Etobicoke,43.609675289,-79.5447728418,ELEMENTARY,6.1,5.9,6.2,6.6,5.9,54528.0,2
LAWRENCE PARK COLLEGIATE INSTITUTE,EP,former Toronto,43.7222312985,-79.410442321,SECONDARY,8.5,8.5,8.4,8.7,8.5,128256.0,6
LEASIDE HIGH SCHOOL,EP,East York,43.7111326824,-79.3726973385,SECONDARY,7.7,7.8,7.8,8.6,8.4,147712.0,7
LEDBURY PARK ELEMENTARY & MIDDLE SCHOOL,EP,North York,43.7273990701,-79.4273258873,ELEMENTARY,6.6,7.4,7.0,7.0,6.1,165888.0,8
LESCON PUBLIC SCHOOL,EP,North York,43.780843486,-79.357494608,ELEMENTARY,7.1,8.5,7.7,7.4,6.0,110080.0,5
LESLIEVILLE JUNIOR PUBLIC SCHOOL,EP,former Toronto,43.6673293532,-79.332410943,ELEMENTARY,2.1,5.3,3.8,4.0,5.0,71552.0,3
LESTER B PEARSON COLLEGIATE INSTITUTE,EP,Scarborough,43.8033425352,-79.2254018718,SECONDARY,5.9,5.9,5.1,5.1,5.3,48128.0,2
LORD DUFFERIN JUNIOR & SENIOR PUBLIC SCHOOL,EP,former Toronto,43.660824533,-79.366955064,ELEMENTARY,4.7,5.2,4.5,3.7,5.1,67968.0,3
LORETTO ABBEY CATHOLIC SECONDARY SCHOOL,ES,North York,43.7413049191,-79.4106598058,SECONDARY,8.2,8.1,7.8,7.1,7.1,88064.0,4
LORETTO COLLEGE SCHOOL,ES,former Toronto,43.6757452961,-79.4432501998,SECONDARY,4.5,5.1,5.1,4.5,4.0,58880.0,2
LYNNGATE JUNIOR PUBLIC SCHOOL,EP,Scarborough,43.7764776237,-79.3007195383,ELEMENTARY,7.1,7.4,6.8,5.8,4.2,58240.0,2
LYNNWOOD HEIGHTS JUNIOR PUBLIC SCHOOL,EP,Scarborough,43.7965925747,-79.2905135119,ELEMENTARY,7.3,6.7,7.8,9.3,9.0,61568.0,3
MADONNA CATHOLIC SECONDARY SCHOOL,ES,North York,43.7295236798,-79.4774840752,SECONDARY,6.2,4.9,5.9,5.0,5.3,73984.0,3
MALVERN COLLEGIATE INSTITUTE,EP,former Toronto,43.6829227449,-79.292939532,SECONDARY,7.3,7.8,8.1,8.5,8.0,83968.0,4
MANHATTAN PARK JUNIOR PUBLIC SCHOOL,EP,Scarborough,43.753354001,-79.295301123,ELEMENTARY,5.7,7.1,6.0,5.3,6.9,75648.0,3
MAPLE LEAF PUBLIC SCHOOL,EP,North York,43.7148592311,-79.4902784881,ELEMENTARY,7.4,5.0,6.7,7.6,3.4,75008.0,3
MARC GARNEAU COLLEGIATE INSTITUTE,EP,North York,43.7089842767,-79.3349711654,SECONDARY,5.2,6.1,6.8,6.9,6.5,56192.0,2
MARKET LANE JUNIOR & SENIOR PUBLIC SCHOOL,EP,former Toronto,43.6498589639,-79.3647446247,ELEMENTARY,3.3,5.0,4.2,4.4,5.3,59093.0,2
MARY SHADD PUBLIC SCHOOL,EP,Scarborough,43.8144043187,-79.218327238,ELEMENTARY,6.7,6.6,6.4,6.0,6.1,71936.0,3
BANTING AND BEST PUBLIC SCHOOL,EP,Scarborough,43.8266729024,-79.2801537374,ELEMENTARY,7.2,6.9,6.4,5.2,5.4,92032.0,4
BLESSED JOHN XXIII CATHOLIC ELEMENTARY SCHOOL,ES,North York,43.7124625684,-79.3298511118,ELEMENTARY,4.1,6.9,5.5,5.5,7.0,66304.0,3
BLESSED MOTHER TERESA CATHOLIC SECONDARY SCHOOL,ES,Scarborough,43.8096674177,-79.2148329555,SECONDARY,3.2,4.1,5.0,5.3,5.8,73600.0,3
BLESSED PIER GIORGIO FRASSATI CATHOLIC ELEMENTARY SCHOOL,ES,Scarborough,43.829875203,-79.232737525,ELEMENTARY,7.1,7.1,7.1,7.1,8.0,108971.0,5
BLESSED SACRAMENT CATHOLIC ELEMENTARY SCHOOL,ES,former Toronto,43.7274902056,-79.404000764,ELEMENTARY,6.4,8.3,7.4,7.4,8.2,161280.0,8
BLESSED TRINITY CATHOLIC ELEMENTARY SCHOOL,ES,North York,43.7869061505,-79.3918294528,ELEMENTARY,4.4,6.1,5.3,5.3,7.2,81237.0,4
BLOOR COLLEGIATE INSTITUTE,EP,former Toronto,43.6595660096,-79.4362860846,SECONDARY,7.5,8.3,8.9,9.0,8.7,47232.0,2
BOWMORE ROAD JUNIOR & SENIOR PUBLIC SCHOOL,EP,former Toronto,43.676063663,-79.314491719,ELEMENTARY,6.6,6.6,6.8,7.3,7.0,121088.0,6
IMMACULATE HEART OF MARY CATHOLIC ELEMENTARY SCHOOL,ES,Scarborough,43.6961533874,-79.2624612039,ELEMENTARY,5.3,5.7,5.5,5.5,6.6,96000.0,4
INDIAN ROAD CRESCENT JUNIOR PUBLIC SCHOOL,EP,former Toronto,43.662537312,-79.4600811612,ELEMENTARY,6.6,5.9,6.5,6.9,5.8,70144.0,3
IONVIEW PUBLIC SCHOOL,EP,Scarborough,43.7376214974,-79.274701468,ELEMENTARY,6.8,5.3,5.6,4.7,6.4,60203.0,3
ISLAMIC FOUNDATION SCHOOL,PR,Scarborough,43.7979869699,-79.2417524324,ELEMENTARY,9.6,10.0,9.8,9.9,10.0,62080.0,3
ISLAMIC INSTITUTE OF TORONTO ACADEMY SCHOOL,PR,Scarborough,43.8183949155,-79.2301603053,ELEMENTARY,8.0,9.8,8.6,8.1,9.7,65792.0,3
ISLINGTON JUNIOR MIDDLE SCHOOL,EP,Etobicoke,43.6474913952,-79.5279499653,ELEMENTARY,6.2,6.5,6.5,6.8,6.2,56101.0,2
J R WILCOX COMMUNITY SCHOOL,EP,York,43.6949553843,-79.4363085191,ELEMENTARY,3.4,1.7,3.5,5.3,4.9,91904.0,4
JACKMAN AVENUE JUNIOR PUBLIC SCHOOL,EP,former Toronto,43.6806588024,-79.3539385877,ELEMENTARY,8.3,8.2,8.1,7.9,9.0,124160.0,6
JAMES CARDINAL MCGUIGAN CATHOLIC HIGH SCHOOL,ES,North York,43.7632981734,-79.4938018826,SECONDARY,4.0,4.5,5.3,5.0,5.1,62464.0,3
JAMES CULNAN CATHOLIC ELEMENTARY SCHOOL,ES,York,43.6611156979,-79.4855875199,ELEMENTARY,5.1,5.0,5.1,5.1,3.5,107264.0,5
JAMES S BELL JUNIOR MIDDLE SCHOOL,EP,Etobicoke,43.59435422,-79.5301917,ELEMENTARY,5.6,6.8,6.3,6.5,7.0,69888.0,3
JARVIS COLLEGIATE INSTITUTE,EP,former Toronto,43.6662607886,-79.3780380767,SECONDARY,5.5,4.6,5.0,4.9,4.2,21901.0,1
HIGHCASTLE PUBLIC SCHOOL,EP,Scarborough,43.7867702135,-79.2124988173,ELEMENTARY,6.0,4.5,5.4,5.6,6.2,82176.0,4
HIGHLAND CREEK PUBLIC SCHOOL,EP,Scarborough,43.7835095173,-79.1784494765,ELEMENTARY,7.3,7.3,7.3,7.3,6.5,93696.0,4
HILLCREST PROGRESSIVE,PR,North York,43.7407318198,-79.3977311107,ELEMENTARY,6.8,7.2,7.4,8.3,8.0,197120.0,9
HOLY ANGELS CATHOLIC ELEMENTARY SCHOOL,ES,Etobicoke,43.6284178277,-79.5176605304,ELEMENTARY,9.2,7.7,8.5,8.5,7.5,102656.0,5
HOLY CHILD CATHOLIC ELEMENTARY SCHOOL,ES,Etobicoke,43.728885862,-79.619181875,ELEMENTARY,6.3,5.1,5.7,5.7,5.9,87296.0,4
HOLY CROSS CATHOLIC ELEMENTARY SCHOOL,ES,East York,43.689987554,-79.340676358,ELEMENTARY,6.5,6.1,6.3,6.3,5.2,91904.0,4
JEAN VANIER CATHOLIC SECONDARY SCHOOL,ES,Scarborough,43.7379485278,-79.2584175624,SECONDARY,5.6,6.1,5.5,5.5,5.2,49536.0,2
JESSE KETCHUM JUNIOR & SENIOR PUBLIC SCHOOL,EP,former Toronto,43.6729912096,-79.3921424663,ELEMENTARY,4.9,6.8,6.3,7.3,6.2,102656.0,5
JOHN ENGLISH JUNIOR MIDDLE SCHOOL,EP,Etobicoke,43.6118643072,-79.4944212654,ELEMENTARY,7.4,7.8,7.8,8.1,7.6,82688.0,4
JOHN G DIEFENBAKER PUBLIC SCHOOL,EP,Scarborough,43.802303651,-79.1718727182,ELEMENTARY,7.6,6.3,6.7,6.1,6.5,93696.0,4
JOHN MCCRAE SENIOR PUBLIC SCHOOL,EP,Scarborough,43.744052857,-79.2398897098,ELEMENTARY,6.5,4.5,5.3,4.8,4.0,29248.0,1
JOHN POLANYI COLLEGIATE INSTITUTE,EP,North York,43.7178175419,-79.4398585695,SECONDARY,4.3,5.4,3.7,4.7,4.3,45867.0,2
JOHN ROSS ROBERTSON JUNIOR PUBLIC SCHOOL,EP,former Toronto,43.7183345685,-79.408867546,ELEMENTARY,9.1,8.9,9.0,8.9,9.3,297984.0,10
JOYCE PUBLIC SCHOOL,EP,North York,43.709775397,-79.463757489,ELEMENTARY,8.0,7.0,7.0,6.1,7.3,83456.0,4
KEELE STREET JUNIOR PUBLIC SCHOOL,EP,former Toronto,43.6575160553,-79.4615998374,ELEMENTARY,7.5,6.8,7.0,6.6,7.7,54464.0,2
KENNEDY LINC,EP,Scarborough,43.803623017,-79.297388584,ELEMENTARY,9.8,10.0,9.6,9.0,9.2,64128.0,3
KENSINGTON COMMUNITY SCHOOL,EP,former Toronto,43.6564063998,-79.4057347675,ELEMENTARY,5.3,5.3,5.3,5.3,6.8,57216.0,2
KIMBERLEY JUNIOR PUBLIC SCHOOL,EP,former Toronto,43.6826285623,-79.2991310909,ELEMENTARY,8.4,6.6,7.4,7.2,4.7,97792.0,4
KING EDWARD JUNIOR & SENIOR PUBLIC SCHOOL,EP,former Toronto,43.6582526981,-79.4074121749,ELEMENTARY,5.3,8.2,6.5,5.9,7.0,66731.0,3
KING GEORGE INTERNATIONAL COLLEGE (ESL),PR,former Toronto,43.7079062657,-79.3940067915,ELEMENTARY,6.8,6.8,6.8,6.8,6.9,22741.0,1
KINGSLAKE PUBLIC SCHOOL,EP,North York,43.7848191091,-79.3457321589,ELEMENTARY,6.8,7.5,7.4,7.9,7.0,87808.0,4
KIPLING COLLEGIATE INSTITUTE,EP,Etobicoke,43.6852966988,-79.5623570169,SECONDARY,3.0,1.7,2.1,2.8,2.8,85760.0,4
MARY WARD CATHOLIC SECONDARY SCHOOL,ES,Scarborough,43.8157620396,-79.3039432921,SECONDARY,7.7,7.0,7.4,7.6,6.9,85760.0,4
MARYVALE PUBLIC SCHOOL,EP,Scarborough,43.7546797202,-79.3079147891,ELEMENTARY,5.4,4.0,5.2,6.1,5.6,79360.0,3
MASON ROAD JUNIOR PUBLIC SCHOOL,EP,Scarborough,43.7392633942,-79.2256861808,ELEMENTARY,4.0,4.4,4.7,5.7,4.9,88704.0,4
MAURICE CODY JUNIOR PUBLIC SCHOOL,EP,former Toronto,43.7048282532,-79.3774514336,ELEMENTARY,8.9,8.4,8.6,8.6,8.2,149504.0,7
MCMURRICH JUNIOR PUBLIC SCHOOL,EP,former Toronto,43.6780849553,-79.4310652081,ELEMENTARY,7.6,6.6,7.0,6.7,6.8,66816.0,3
MILITARY TRAIL PUBLIC SCHOOL,EP,Scarborough,43.7891241062,-79.1971201585,ELEMENTARY,4.7,4.0,4.4,4.5,4.9,55552.0,2
MILLIKEN PUBLIC SCHOOL,EP,Scarborough,43.816595158,-79.2885001663,ELEMENTARY,7.1,8.3,7.6,7.3,7.5,73984.0,3
MONARCH PARK COLLEGIATE INSTITUTE,EP,former Toronto,43.67928073,-79.322771888,SECONDARY,6.3,6.0,6.6,6.4,6.1,27968.0,1
CEDARBRAE COLLEGIATE INSTITUTE,EP,Scarborough,43.7563495085,-79.2259280471,SECONDARY,3.6,3.8,3.1,2.9,2.8,41408.0,2
CHRIST THE KING CATHOLIC ELEMENTARY SCHOOL,ES,Etobicoke,43.5944853035,-79.5381825667,ELEMENTARY,7.5,7.1,7.3,7.3,7.3,48640.0,2
CLIFFWOOD PUBLIC SCHOOL,EP,North York,43.8063006986,-79.360071839,ELEMENTARY,9.7,8.9,9.3,9.2,9.2,98560.0,4
COURCELETTE PUBLIC SCHOOL,EP,Scarborough,43.6793274199,-79.2785691293,ELEMENTARY,8.4,9.3,8.7,8.4,7.5,146944.0,7
TIMBERBANK JUNIOR PUBLIC SCHOOL,EP,Scarborough,43.7914798695,-79.307288611,ELEMENTARY,6.6,6.8,6.6,6.5,7.4,77312.0,3
VICTORIA PARK LINC,ES,North York,43.7742487269,-79.3261053348,SECONDARY,7.2,7.3,7.4,7.4,7.1,78421.0,3
WEXFORD COLLEGIATE SCHOOL FOR THE ARTS,EP,Scarborough,43.746168173,-79.3067985983,ELEMENTARY,4.6,4.4,4.7,5.0,4.6,78592.0,3
WILLIAM LYON MACKENZIE COLLEGIATE INSTITUTE,EP,North York,43.7534795551,-79.4618974239,SECONDARY,9.0,8.8,8.8,8.5,8.6,86528.0,4
VRADENBURG JUNIOR PUBLIC SCHOOL,EP,Scarborough,43.7743508701,-79.3082895132,ELEMENTARY,6.7,7.0,6.8,6.7,7.0,62592.0,3
WALTER PERRY JUNIOR PUBLIC SCHOOL,EP,Scarborough,43.7334647266,-79.251248882,ELEMENTARY,4.5,6.0,6.0,7.4,5.4,67072.0,3
WARDEN AVENUE PUBLIC SCHOOL,EP,Scarborough,43.7000463556,-79.2772909426,ELEMENTARY,2.9,2.4,2.3,1.6,3.1,39253.0,1
WARREN PARK JUNIOR PUBLIC SCHOOL,EP,York,43.6628513418,-79.499440791,ELEMENTARY,6.2,6.5,5.6,4.1,5.6,27072.0,1
WEST HILL COLLEGIATE INSTITUTE,EP,Scarborough,43.7756770356,-79.1905907432,SECONDARY,4.5,4.5,2.8,3.8,4.1,60288.0,3
WEST HUMBER COLLEGIATE INSTITUTE,EP,Etobicoke,43.730930992,-79.5867086973,SECONDARY,4.4,5.4,5.8,6.3,5.7,64896.0,3
WEST PREPARATORY JUNIOR PUBLIC SCHOOL,EP,former Toronto,43.7027523077,-79.4330382856,ELEMENTARY,8.4,8.1,8.3,8.5,7.6,231936.0,10
WEST ROUGE JUNIOR PUBLIC SCHOOL,EP,Scarborough,43.795618421,-79.133715924,ELEMENTARY,8.7,7.8,8.1,7.7,7.3,117248.0,5
WESTERN TECHNICAL COMMERCIAL SCHOOL,EP,former Toronto,43.6571000676,-79.4745847779,SECONDARY,4.3,5.5,4.4,4.7,4.6,170155.0,8
WESTON MEMORIAL JUNIOR PUBLIC SCHOOL,EP,York,43.7059867365,-79.5093332103,SECONDARY,3.9,4.2,2.0,3.1,2.6,93568.0,4
WESTVIEW CENTENNIAL SECONDARY SCHOOL,EP,North York,43.75239763,-79.525090535,SECONDARY,1.4,2.8,2.5,0.2,0.9,55936.0,2
WHITE HAVEN JUNIOR PUBLIC SCHOOL,EP,Scarborough,43.787004021,-79.2480541007,ELEMENTARY,7.2,6.4,6.6,6.3,7.3,74496.0,3
WHITNEY JUNIOR PUBLIC SCHOOL,EP,former Toronto,43.6871689272,-79.3784005035,ELEMENTARY,8.0,9.6,8.6,8.3,8.0,397312.0,10
WILKINSON JUNIOR PUBLIC SCHOOL - BLDG 1,EP,former Toronto,43.6820502181,-79.3374864603,ELEMENTARY,7.1,7.7,7.6,8.1,8.2,50816.0,2
WILLIAM G DAVIS JUNIOR PUBLIC SCHOOL,EP,Scarborough,43.7850550409,-79.1344775261,ELEMENTARY,7.9,7.6,7.4,6.6,6.9,101120.0,5
WILLIAM G MILLER JUNIOR PUBLIC SCHOOL,EP,Scarborough,43.768513555,-79.165034007,ELEMENTARY,5.0,4.6,4.7,4.5,5.9,88704.0,4
WILLIAM TREDWAY JUNIOR PUBLIC SCHOOL,EP,Scarborough,43.7649336553,-79.2351124599,ELEMENTARY,5.6,6.3,5.7,5.1,5.4,80128.0,4
WILLIAMSON ROAD JUNIOR PUBLIC SCHOOL,EP,former Toronto,43.6745196506,-79.2974730091,ELEMENTARY,7.3,7.6,7.6,7.9,7.2,103168.0,5
WILLOW PARK JUNIOR PUBLIC SCHOOL,EP,Scarborough,43.7612067055,-79.2095817268,ELEMENTARY,5.0,4.3,5.0,5.6,5.4,83200.0,4
WITHROW AVENUE JUNIOR PUBLIC SCHOOL,EP,former Toronto,43.6704690528,-79.3521328857,ELEMENTARY,8.3,9.1,8.6,8.3,8.7,127616.0,6
WOBURN JUNIOR PUBLIC SCHOOL,EP,Scarborough,43.77950279,-79.22700167,SECONDARY,6.7,6.8,6.2,6.5,5.6,32512.0,1
WINSTON CHURCHILL COLLEGIATE INSTITUTE,EP,Scarborough,43.7479060751,-79.2781501414,SECONDARY,5.0,3.4,3.5,4.6,4.7,49237.0,2
ST FRANCIS DE SALES CATHOLIC ELEMENTARY SCHOOL,ES,North York,43.7541415083,-79.5191277986,ELEMENTARY,4.4,6.1,5.3,5.3,5.8,68267.0,3
ST JEAN DE BREBEUF CATHOLIC ELEMENTARY SCHOOL,ES,Scarborough,43.8025224533,-79.1740441564,ELEMENTARY,7.1,7.7,7.4,7.4,7.0,93696.0,4
ST MALACHY CATHOLIC ELEMENTARY SCHOOL,ES,Scarborough,43.7710290425,-79.1666375963,ELEMENTARY,6.7,6.2,6.5,6.5,6.6,98304.0,4
ST MATTHIAS CATHOLIC ELEMENTARY SCHOOL,ES,North York,43.7848988304,-79.3594588683,ELEMENTARY,8.4,7.6,8.0,8.0,7.4,73856.0,3
ST PASCHAL BAYLON CATHOLIC ELEMENTARY SCHOOL,ES,North York,43.7922092907,-79.4313251517,ELEMENTARY,5.7,5.6,5.7,5.7,6.3,73984.0,3
DONWOOD PARK JUNIOR PUBLIC SCHOOL - HIGHBROOK SITE,EP,Scarborough,43.7576925875,-79.2624143789,ELEMENTARY,4.6,4.8,4.9,5.3,5.5,76800.0,3
DORSET PARK PUBLIC SCHOOL,EP,Scarborough,43.7502235534,-79.2798651782,ELEMENTARY,4.8,4.1,4.6,5.0,4.6,50432.0,2
DOVERCOURT JUNIOR PUBLIC SCHOOL,EP,former Toronto,43.6667441922,-79.4357822098,ELEMENTARY,5.6,4.6,5.2,5.4,4.1,78848.0,3
DOWNSVIEW PUBLIC SCHOOL,EP,North York,43.7311224379,-79.4824390645,SECONDARY,1.4,2.2,1.4,2.3,2.6,47872.0,2
DR NORMAN BETHUNE COLLEGIATE INSTITUTE,EP,Scarborough,43.8121707571,-79.3194316359,SECONDARY,8.1,7.8,7.8,7.7,7.7,82176.0,4
DUBLIN HEIGHTS ELEMENTARY & MIDDLE SCHOOL,EP,North York,43.749105286,-79.4477281725,ELEMENTARY,6.1,6.2,6.4,6.9,6.4,88832.0,4
DUKE OF CONNAUGHT JUNIOR & SENIOR PUBLIC SCHOOL,EP,former Toronto,43.6664031378,-79.3220462223,ELEMENTARY,2.7,3.6,4.2,6.3,5.8,94720.0,4
EARL BEATTY JUNIOR & SENIOR PUBLIC SCHOOL,EP,former Toronto,43.6860266146,-79.3215688477,ELEMENTARY,6.0,3.3,5.4,7.0,6.9,107008.0,5
EARL HAIG PUBLIC SCHOOL,EP,former Toronto,43.6813400397,-79.3212536875,SECONDARY,8.6,8.5,8.6,8.7,8.2,61312.0,3
TAM O'SHANTER JUNIOR PUBLIC SCHOOL,EP,Scarborough,43.7850802489,-79.2976649055,ELEMENTARY,6.4,6.6,6.7,7.2,6.7,45328.0,2
TERRY FOX PUBLIC SCHOOL,EP,Scarborough,43.8159079663,-79.3186895279,ELEMENTARY,9.3,7.5,8.0,7.3,8.0,76416.0,3
THE ELMS JUNIOR MIDDLE SCHOOL,EP,Etobicoke,43.722227299,-79.552113787,ELEMENTARY,3.6,5.8,4.6,4.3,2.1,73472.0,3
THE WATERFRONT SCHOOL,EP,former Toronto,43.6357573919,-79.3971908313,ELEMENTARY,7.2,8.0,7.7,7.8,6.2,76672.0,3
THISTLETOWN COLLEGIATE INSTITUTE,EP,Etobicoke,43.7277351459,-79.5624559414,SECONDARY,5.2,5.8,5.6,3.1,5.0,84992.0,4
THOMAS L WELLS PUBLIC SCHOOL,EP,Scarborough,43.8243793218,-79.2259821944,ELEMENTARY,7.9,8.6,8.3,8.3,8.3,99584.0,4
TOM LONGBOAT JUNIOR PUBLIC SCHOOL,EP,Scarborough,43.8104547841,-79.2316301617,ELEMENTARY,7.6,7.3,7.0,6.1,6.7,73600.0,3
TRANSFIGURATION OF OUR LORD CATHOLIC ELEMENTARY SCHOOL,ES,Etobicoke,43.6915298432,-79.5628740281,ELEMENTARY,8.1,8.4,8.3,8.3,7.0,84992.0,4
URSULA FRANKLIN ACADEMY,EP,former Toronto,43.656522344,-79.4744306485,SECONDARY,8.6,8.6,9.0,8.9,9.1,170155.0,8
VALLEYFIELD JUNIOR SCHOOL,EP,Etobicoke,43.6942243443,-79.5382232115,ELEMENTARY,5.8,6.4,6.3,6.6,5.8,101632.0,5
VAUGHAN ROAD ACADEMY,EP,York,43.691030286,-79.436706077,SECONDARY,4.4,5.2,4.0,5.5,5.5,53120.0,2
VENERABLE JOHN MERLINI CATHOLIC ELEMENTARY SCHOOL,ES,North York,43.7565731016,-79.5794145498,ELEMENTARY,6.7,6.6,6.7,6.7,8.2,87808.0,4
ST EDMUND CAMPION CATHOLIC ELEMENTARY SCHOOL,ES,Scarborough,43.7880402945,-79.2160939039,ELEMENTARY,6.5,6.7,6.6,6.6,6.1,85504.0,4
ST EDWARD CATHOLIC ELEMENTARY SCHOOL,ES,North York,43.7539604181,-79.4134093328,ELEMENTARY,7.6,8.2,7.9,7.9,8.6,122112.0,6
ST ELIZABETH CATHOLIC ELEMENTARY SCHOOL,ES,Etobicoke,43.6349512711,-79.5574599961,ELEMENTARY,5.5,5.9,5.7,5.7,7.9,99840.0,4
ST ELIZABETH SETON CATHOLIC ELEMENTARY SCHOOL,ES,Scarborough,43.7889598531,-79.2467090279,ELEMENTARY,4.9,4.5,4.7,4.7,5.5,77568.0,3
ST EUGENE CATHOLIC ELEMENTARY SCHOOL,ES,Etobicoke,43.6926113895,-79.5374950215,ELEMENTARY,4.7,5.8,5.3,5.3,6.7,101632.0,5
ST FIDELIS CATHOLIC ELEMENTARY SCHOOL,ES,North York,43.7172961033,-79.4849517595,ELEMENTARY,7.9,7.7,7.8,7.8,6.2,88832.0,4
ST FRANCIS OF ASSISI CATHOLIC ELEMENTARY SCHOOL,ES,former Toronto,43.6562084456,-79.4146313711,ELEMENTARY,6.8,7.8,7.3,7.3,8.3,36224.0,1
ST FRANCIS XAVIER CATHOLIC ELEMENTARY SCHOOL,ES,North York,43.7108580978,-79.483410335,ELEMENTARY,2.6,4.5,3.6,3.6,3.9,61952.0,3
ST GABRIEL CATHOLIC ELEMENTARY SCHOOL,ES,North York,43.7693665027,-79.3913446309,ELEMENTARY,6.8,5.9,6.3,6.3,5.5,96000.0,4
ST GABRIEL LALEMANT CATHOLIC ELEMENTARY SCHOOL,ES,Scarborough,43.812712247,-79.2267306678,ELEMENTARY,8.1,8.3,8.2,8.2,4.8,65792.0,3
ST GERALD CATHOLIC ELEMENTARY SCHOOL,ES,North York,43.7807218842,-79.3263830454,ELEMENTARY,5.3,4.6,4.9,4.9,7.5,96853.0,4
ST GREGORY CATHOLIC ELEMENTARY SCHOOL,ES,Etobicoke,43.6596475106,-79.5450244937,ELEMENTARY,7.7,7.2,7.5,7.5,7.1,110592.0,5
ST HELEN CATHOLIC ELEMENTARY SCHOOL,ES,former Toronto,43.652093156,-79.4361595779,ELEMENTARY,7.5,5.7,6.6,6.6,5.6,64256.0,3
ST HENRY CATHOLIC ELEMENTARY SCHOOL,ES,Scarborough,43.8136517004,-79.3283194387,ELEMENTARY,8.8,7.1,8.0,8.0,8.1,83712.0,4
ST ISAAC JOGUES CATHOLIC ELEMENTARY SCHOOL,ES,North York,43.7623339482,-79.3219633929,ELEMENTARY,5.3,5.8,5.6,5.6,6.7,47232.0,2
ST JANE FRANCES CATHOLIC ELEMENTARY SCHOOL,ES,North York,43.7421567533,-79.5131689303,ELEMENTARY,3.3,4.3,3.8,3.8,3.7,65664.0,3
PALMERSTON AVENUE JUNIOR PUBLIC SCHOOL,EP,former Toronto,43.6681534892,-79.4152081963,ELEMENTARY,6.8,7.1,6.9,6.8,6.4,75008.0,3
PAPE AVENUE JUNIOR PUBLIC SCHOOL,EP,former Toronto,43.6703604714,-79.3418968355,ELEMENTARY,9.0,9.2,9.1,9.1,9.7,102144.0,5
PARK LAWN JUNIOR MIDDLE SCHOOL,EP,Etobicoke,43.6377151818,-79.496450189,ELEMENTARY,8.7,6.2,7.7,8.3,8.1,153088.0,7
PAULINE JOHNSON JUNIOR PUBLIC SCHOOL,EP,Scarborough,43.7851384647,-79.3035745135,ELEMENTARY,4.3,5.0,4.6,4.6,4.7,55936.0,2
PAULINE JUNIOR PUBLIC SCHOOL,EP,former Toronto,43.6624976852,-79.4391469216,ELEMENTARY,5.9,6.2,6.0,5.9,6.1,78848.0,3
PERCY WILLIAMS JUNIOR PUBLIC SCHOOL,EP,Scarborough,43.8126754998,-79.2656617391,ELEMENTARY,7.9,8.0,8.0,8.2,7.5,72960.0,3
PERTH AVENUE JUNIOR PUBLIC SCHOOL,EP,former Toronto,43.6628399447,-79.4524229466,ELEMENTARY,6.2,8.1,6.0,3.7,6.0,97536.0,4
PLEASANT PUBLIC SCHOOL,EP,North York,43.7899382723,-79.434684178,ELEMENTARY,8.2,5.8,7.0,6.9,6.6,77056.0,3
POPE PAUL VI CATHOLIC ELEMENTARY SCHOOL,ES,former Toronto,43.6740214864,-79.4577962888,ELEMENTARY,4.8,4.6,4.7,4.7,5.3,58240.0,2
POPLAR ROAD JUNIOR PUBLIC SCHOOL,EP,Scarborough,43.7536690567,-79.1874821205,ELEMENTARY,6.8,6.7,6.9,7.2,7.3,101120.0,5
PRECIOUS BLOOD CATHOLIC ELEMENTARY SCHOOL,ES,Scarborough,43.7393650311,-79.3022406399,ELEMENTARY,6.3,6.5,6.4,6.4,4.7,75520.0,3
QUEEN VICTORIA JUNIOR PUBLIC SCHOOL,EP,former Toronto,43.63625894,-79.434732655,ELEMENTARY,4.5,5.7,5.2,5.3,4.8,49024.0,2
R H KING ACADEMY,EP,Scarborough,43.7226309438,-79.2374532288,SECONDARY,7.9,7.2,7.9,6.9,7.7,66304.0,3
RAWLINSON COMMUNITY SCHOOL,EP,York,43.6839856509,-79.4400466717,ELEMENTARY,4.9,5.4,5.3,5.6,4.9,74240.0,3
REGAL ROAD JUNIOR PUBLIC SCHOOL,EP,former Toronto,43.6737837533,-79.44006653860001,ELEMENTARY,7.2,7.9,7.1,6.2,6.1,93952.0,4
ST JEROME CATHOLIC ELEMENTARY SCHOOL,ES,North York,43.7488429996,-79.4885451563,ELEMENTARY,5.7,5.4,5.6,5.6,6.2,44416.0,2
ST JOACHIM CATHOLIC ELEMENTARY SCHOOL,ES,Scarborough,43.7128338832,-79.2751472799,ELEMENTARY,5.4,3.9,4.7,4.7,5.3,71424.0,3
ST JOHN BOSCO CATHOLIC ELEMENTARY SCHOOL,ES,York,43.6887243721,-79.4505609929,ELEMENTARY,5.1,6.2,5.7,5.7,5.6,73472.0,3
ST JOHN CATHOLIC ELEMENTARY SCHOOL,ES,former Toronto,43.68022438,-79.294568676,ELEMENTARY,5.5,6.9,6.2,6.2,7.5,59264.0,2
ST JOHN THE EVANGELIST CATHOLIC ELEMENTARY SCHOOL  (temporary site),ES,former Toronto,43.6676822507,-79.4553528919,ELEMENTARY,5.5,5.1,5.3,5.3,6.2,66816.0,3
ST JOHN VIANNEY CATHOLIC ELEMENTARY SCHOOL,ES,Etobicoke,43.7379845025,-79.5538495094,ELEMENTARY,6.5,4.4,5.5,5.5,5.4,73856.0,3
ST MICHAEL CATHOLIC ELEMENTARY SCHOOL - BLDG 2,ES,former Toronto,43.6469190217,-79.3698277278,ELEMENTARY,4.3,4.5,4.4,4.4,5.7,40576.0,2
ST MICHAEL'S CHOIR SCHOOL - CHORAL BLDG,ES,former Toronto,43.6550731702,-79.3780803134,ELEMENTARY,10.0,9.2,9.6,9.6,9.9,55168.0,2
ST MONICA CATHOLIC ELEMENTARY SCHOOL,ES,former Toronto,43.7101678628,-79.3976309433,ELEMENTARY,6.1,6.9,6.5,6.5,7.5,52544.0,2
ST NICHOLAS CATHOLIC ELEMENTARY SCHOOL,ES,Scarborough,43.747652397,-79.2328586896,ELEMENTARY,5.2,6.2,5.7,5.7,6.1,83072.0,4
ST NICHOLAS OF BARI CATHOLIC ELEMENTARY SCHOOL,ES,York,43.6828329611,-79.4604964609,ELEMENTARY,4.5,4.9,4.7,4.7,5.7,73557.0,3
ST NORBERT CATHOLIC ELEMENTARY SCHOOL,ES,North York,43.7341088849,-79.464503304,ELEMENTARY,6.4,5.7,6.1,6.1,5.8,90496.0,4
ST PATRICK CATHOLIC SECONDARY SCHOOL,ES,former Toronto,43.6784589158,-79.3280068649,SECONDARY,6.2,6.4,6.7,7.4,6.8,85120.0,4
MONSIGNOR PERCY JOHNSON CATHOLIC SECONDARY SCHOOL,ES,Etobicoke,43.7207032497,-79.5720201792,SECONDARY,4.6,5.2,3.7,5.4,4.3,83072.0,4
MONTROSE JUNIOR PUBLIC SCHOOL,EP,former Toronto,43.6586901688,-79.418846963,ELEMENTARY,7.6,7.9,7.9,8.1,8.3,72448.0,3
MORRISH PUBLIC SCHOOL,EP,Scarborough,43.793196535,-79.1792732078,ELEMENTARY,9.2,7.3,8.3,8.3,7.3,107904.0,5
MORSE STREET JUNIOR PUBLIC SCHOOL,EP,former Toronto,43.6601755035,-79.3401699114,ELEMENTARY,6.0,8.1,7.4,8.2,6.9,65408.0,3
MOTHER CABRINI CATHOLIC ELEMENTARY SCHOOL,ES,Etobicoke,43.6637866844,-79.5863113841,ELEMENTARY,7.4,6.9,7.2,7.2,6.1,113664.0,5
MUIRHEAD PUBLIC SCHOOL,EP,North York,43.7788926281,-79.3374534066,ELEMENTARY,4.6,4.5,4.7,5.1,4.7,81920.0,4
NATIVITY OF OUR LORD CATHOLIC ELEMENTARY SCHOOL,ES,Etobicoke,43.6531318163,-79.5753734723,ELEMENTARY,6.1,7.0,6.6,6.6,8.3,101120.0,5
NEIL MCNEIL CATHOLIC HIGH SCHOOL,ES,Scarborough,43.679234854,-79.283097152,SECONDARY,7.4,7.7,7.8,7.3,7.0,83712.0,4
NELSON MANDELA PARK PUBLIC SCHOOL,EP,former Toronto,43.658352746,-79.360602911,ELEMENTARY,3.4,3.0,3.5,4.1,2.1,57280.0,2
NEWTONBROOK SECONDARY SCHOOL,EP,North York,43.7935577423,-79.4262458447,SECONDARY,5.2,4.8,4.6,5.1,4.6,53035.0,2
NIAGARA STREET JUNIOR PUBLIC SCHOOL,EP,former Toronto,43.6439460411,-79.4082561689,ELEMENTARY,4.2,3.6,4.3,5.1,5.6,51840.0,2
NILE ACADEMY - BLUE HAVEN CAMPUS (GIRLS),PR,North York,43.7445301946,-79.5582663201,ELEMENTARY,8.0,5.9,8.0,10.0,10.0,51200.0,2
NORMAN COOK JUNIOR PUBLIC SCHOOL,EP,Scarborough,43.7190477327,-79.2577983189,ELEMENTARY,3.5,3.7,3.7,3.8,2.8,65536.0,3
NORTH AGINCOURT JUNIOR PUBLIC SCHOOL,EP,Scarborough,43.7964623214,-79.2762160118,ELEMENTARY,7.8,7.9,7.8,7.7,6.9,76672.0,3
NORTH ALBION COLLEGIATE INSTITUTE,EP,Etobicoke,43.7471501635,-79.5851460803,SECONDARY,3.8,4.0,3.5,4.9,4.2,50005.0,2
NORTH BRIDLEWOOD JUNIOR PUBLIC SCHOOL,EP,Scarborough,43.788924963,-79.3185903066,ELEMENTARY,7.3,6.9,7.2,7.5,6.6,103040.0,5
NORTH KIPLING JUNIOR MIDDLE SCHOOL,EP,Etobicoke,43.7517706859,-79.5848958539,ELEMENTARY,6.9,7.4,6.7,5.8,6.1,59520.0,2
NORTH PREPARATORY JUNIOR PUBLIC SCHOOL,EP,former Toronto,43.7054909187,-79.4203882814,ELEMENTARY,7.8,7.4,7.5,7.4,8.5,90752.0,4
NORTH TORONTO ACADEMY,PR,former Toronto,43.7301087409,-79.4031447497,SECONDARY,8.6,8.1,8.8,8.4,8.5,107349.0,5
NORTHLEA ELEMENTARY & MIDDLE SCHOOL,EP,East York,43.714632217,-79.3701766782,ELEMENTARY,7.5,8.4,8.2,8.6,8.8,178688.0,8
NORTHMOUNT,PR,North York,43.7477309231,-79.3499354499,ELEMENTARY,9.3,9.3,9.3,9.3,9.4,117504.0,5
NORTHVIEW HEIGHTS SECONDARY SCHOOL,EP,North York,43.774429207,-79.44632478,SECONDARY,5.8,7.2,7.3,7.5,6.5,86016.0,4
NORWAY JUNIOR PUBLIC SCHOOL,EP,former Toronto,43.6762876341,-79.3066719099,ELEMENTARY,5.1,5.9,5.6,5.8,7.2,84224.0,4
NOTRE DAME CATHOLIC HIGH SCHOOL,ES,former Toronto,43.6806943732,-79.2931345797,SECONDARY,6.9,7.8,7.8,7.6,7.7,22976.0,1
OAKWOOD COLLEGIATE INSTITUTE,EP,former Toronto,43.678664473,-79.4363822617,SECONDARY,3.4,4.3,4.1,3.7,3.2,56363.0,2
OGDEN JUNIOR PUBLIC SCHOOL,EP,former Toronto,43.6500221972,-79.3951300942,ELEMENTARY,0.4,6.2,3.9,5.2,6.5,60544.0,3
ORDE STREET JUNIOR PUBLIC SCHOOL,EP,former Toronto,43.6586360728,-79.392263319,ELEMENTARY,8.7,8.5,8.4,8.0,7.7,18176.0,0
ORIOLE PARK JUNIOR PUBLIC SCHOOL,EP,former Toronto,43.7025801424,-79.4096965213,ELEMENTARY,8.8,9.6,8.8,8.1,8.6,79360.0,3
OUR LADY OF GRACE CATHOLIC ELEMENTARY SCHOOL,ES,Scarborough,43.8121279242,-79.2750972389,ELEMENTARY,7.1,8.8,8.0,8.0,7.2,84736.0,4
OUR LADY OF LOURDES CATHOLIC ELEMENTARY SCHOOL,ES,former Toronto,43.6660520793,-79.3746987923,ELEMENTARY,5.8,6.6,6.2,6.2,6.1,41408.0,2
OUR LADY OF PEACE CATHOLIC ELEMENTARY SCHOOL,ES,Etobicoke,43.6465208217,-79.5410814414,ELEMENTARY,6.6,6.9,6.8,6.8,7.2,134656.0,6
OUR LADY OF PERPETUAL HELP CATHOLIC ELEMENTARY SCHOOL,ES,former Toronto,43.6873070784,-79.3833081174,ELEMENTARY,9.9,9.8,9.9,9.9,8.9,468992.0,10
OUR LADY OF SORROWS CATHOLIC ELEMENTARY SCHOOL,ES,Etobicoke,43.6480230978,-79.5183283157,ELEMENTARY,7.7,8.6,8.2,8.2,8.4,187392.0,9
OUR LADY OF THE ASSUMPTION CATHOLIC ELEMENTARY SCHOOL,ES,North York,43.7161979888,-79.4312862489,ELEMENTARY,5.5,3.4,4.5,4.5,3.9,57600.0,2
OUR LADY OF VICTORY CATHOLIC ELEMENTARY SCHOOL,ES,York,43.6833297097,-79.4903180519,ELEMENTARY,5.4,4.0,4.7,4.7,3.4,59520.0,2
OWEN PUBLIC SCHOOL,EP,North York,43.7490647823,-79.3925194396,ELEMENTARY,8.9,8.8,8.7,8.5,7.9,199168.0,9
ADAM BECK JUNIOR PUBLIC SCHOOL,EP,former Toronto,43.6831603952,-79.288491094,ELEMENTARY,7.1,8.1,7.2,6.4,6.9,114560.0,5
AGINCOURT COLLEGIATE INSTITUTE,EP,Scarborough,43.7888824512,-79.2789131667,SECONDARY,8.3,7.6,8.3,7.7,8.0,93440.0,4
ALBERT CAMPBELL COLLEGIATE INSTITUTE,EP,Scarborough,43.8090228385,-79.2734097852,SECONDARY,6.5,6.5,6.9,6.8,6.3,57728.0,2
ALBION HEIGHTS JUNIOR MIDDLE SCHOOL,EP,Etobicoke,43.731388262,-79.594315501,ELEMENTARY,5.9,7.2,6.6,6.7,6.0,69888.0,3
ALEXANDER STIRLING PUBLIC SCHOOL,EP,Scarborough,43.8116649478,-79.2076091314,ELEMENTARY,4.9,6.3,5.2,4.3,3.8,72320.0,3
ALEXMUIR JUNIOR PUBLIC SCHOOL,EP,Scarborough,43.8091179409,-79.2856167114,ELEMENTARY,7.7,7.6,7.4,7.0,7.3,66560.0,3
ALL SAINTS CATHOLIC ELEMENTARY SCHOOL,ES,Etobicoke,43.6856264973,-79.5271662142,ELEMENTARY,7.5,7.2,7.4,7.4,8.0,31296.0,1
ALLENBY JUNIOR PUBLIC SCHOOL,EP,former Toronto,43.7094442341,-79.4127909823,ELEMENTARY,8.3,8.6,8.5,8.6,8.4,188928.0,9
ALVIN CURLING PUBLIC SCHOOL,EP,Scarborough,43.80849215,-79.1906336,ELEMENTARY,7.8,7.3,7.8,8.2,8.3,110848.0,5
ANNETTE STREET JUNIOR & SENIOR PUBLIC SCHOOL,EP,former Toronto,43.6614317701,-79.4728345371,ELEMENTARY,4.8,6.2,5.7,6.2,6.6,110336.0,5
ANSON PARK PUBLIC SCHOOL,EP,Scarborough,43.7262181766,-79.2412907978,ELEMENTARY,4.5,5.1,4.9,5.2,5.2,84224.0,4
ANSON S TAYLOR JUNIOR PUBLIC SCHOOL,EP,Scarborough,43.8043005902,-79.261564543,ELEMENTARY,7.4,7.3,7.1,6.5,6.2,71936.0,3
ARCHBISHOP ROMERO CATHOLIC SECONDARY SCHOOL,ES,York,43.680332871,-79.480796816,SECONDARY,5.0,3.9,4.5,4.5,4.7,22048.0,1
ARMOUR HEIGHTS PUBLIC SCHOOL,EP,North York,43.7409186369,-79.4195255366,ELEMENTARY,7.7,7.4,7.7,8.0,7.5,65152.0,3
EAST YORK ALTERNATIVE SECONDARY SCHOOL,EP,East York,43.694999943,-79.3252988606,SECONDARY,3.8,4.9,4.4,5.0,3.8,89856.0,4
ST PAUL CATHOLIC ELEMENTARY SCHOOL,ES,former Toronto,43.6554975216,-79.3617374176,ELEMENTARY,3.7,3.7,3.7,3.7,5.6,65792.0,3
ST PIUS X CATHOLIC ELEMENTARY SCHOOL,ES,former Toronto,43.651285804,-79.4847166048,ELEMENTARY,7.2,7.4,7.3,7.3,8.6,112896.0,5
ST RAPHAEL CATHOLIC ELEMENTARY SCHOOL,ES,North York,43.7285699281,-79.4884902176,ELEMENTARY,6.1,6.2,6.2,6.2,6.3,73984.0,3
ST RAYMOND CATHOLIC ELEMENTARY SCHOOL,ES,former Toronto,43.6659621094,-79.4230184063,ELEMENTARY,4.7,6.0,5.3,5.3,5.2,65365.0,3
ST RICHARD CATHOLIC ELEMENTARY SCHOOL,ES,Scarborough,43.7683815481,-79.2402865933,ELEMENTARY,6.5,6.6,6.6,6.6,8.1,79616.0,3
ST JOSEPH CATHOLIC ELEMENTARY SCHOOL,ES,former Toronto,43.66580807,-79.331890548,ELEMENTARY,3.1,7.7,5.4,5.4,5.5,58752.0,2
ST JUDE CATHOLIC ELEMENTARY SCHOOL,ES,North York,43.7404930678,-79.5392598304,ELEMENTARY,5.6,5.1,5.3,5.3,5.2,65792.0,3
ST KEVIN CATHOLIC ELEMENTARY SCHOOL,ES,Scarborough,43.7507153683,-79.3058604786,ELEMENTARY,5.8,4.8,5.3,5.3,4.6,69376.0,3
ST LAWRENCE CATHOLIC ELEMENTARY SCHOOL,ES,Scarborough,43.7493149926,-79.2799240506,ELEMENTARY,5.0,5.2,5.1,5.1,6.8,50432.0,2
ST LEO CATHOLIC ELEMENTARY SCHOOL,ES,Etobicoke,43.6142885611,-79.496291724,ELEMENTARY,4.2,5.3,4.8,4.8,6.8,19115.0,0
ST LOUIS CATHOLIC ELEMENTARY SCHOOL,ES,Etobicoke,43.6257536986,-79.5009586586,ELEMENTARY,7.2,6.4,6.8,6.8,6.7,39104.0,1
ST LUIGI CATHOLIC ELEMENTARY SCHOOL,ES,former Toronto,43.6628841608,-79.4514733731,ELEMENTARY,3.4,5.2,4.3,4.3,7.0,97536.0,4
ST LUKE CATHOLIC ELEMENTARY SCHOOL,ES,former Toronto,43.6516399453,-79.4210194319,ELEMENTARY,6.7,5.8,6.3,6.3,6.2,62592.0,3
ST MARCELLUS CATHOLIC ELEMENTARY SCHOOL,ES,Etobicoke,43.679791933,-79.554224951,ELEMENTARY,4.8,5.3,5.1,5.1,5.1,32256.0,1
ST MARGARET CATHOLIC ELEMENTARY SCHOOL,ES,North York,43.735837863,-79.4266288264,ELEMENTARY,6.2,6.5,6.3,6.3,6.9,232448.0,10
ST MARGARET'S PUBLIC SCHOOL,EP,Scarborough,43.768267184,-79.195943418,ELEMENTARY,2.2,3.3,2.7,2.6,3.9,26464.0,1
ST MARIA GORETTI CATHOLIC ELEMENTARY SCHOOL,ES,Scarborough,43.7298439158,-79.2659253097,ELEMENTARY,6.5,6.1,6.3,6.3,6.6,57472.0,2
ST MARK CATHOLIC ELEMENTARY SCHOOL,ES,Etobicoke,43.634508426,-79.4902007758,ELEMENTARY,6.4,4.6,5.5,5.5,6.4,47104.0,2
ST MARTHA CATHOLIC ELEMENTARY SCHOOL,ES,North York,43.7410765992,-79.5023279358,ELEMENTARY,4.8,6.4,5.6,5.6,3.8,86528.0,4
ST MARTIN DE PORRES CATHOLIC ELEMENTARY SCHOOL,ES,Scarborough,43.7671371939,-79.1868249877,ELEMENTARY,3.3,6.7,5.0,5.0,6.4,17584.0,0
ST MARY OF THE ANGELS CATHOLIC ELEMENTARY SCHOOL,ES,former Toronto,43.6721274485,-79.4402959575,ELEMENTARY,6.5,7.5,7.0,7.0,7.3,56064.0,2
ST MARY'S CATHOLIC SECONDARY SCHOOL,ES,former Toronto,43.6578021764,-79.4321575318,ELEMENTARY,5.2,4.6,4.9,4.9,5.2,68352.0,3
ST MAURICE CATHOLIC ELEMENTARY SCHOOL,ES,Etobicoke,43.6978213456,-79.5539361591,ELEMENTARY,5.1,5.9,5.5,5.5,7.8,47858.0,2
ST RITA CATHOLIC ELEMENTARY SCHOOL,ES,former Toronto,43.666143347,-79.4564515946,ELEMENTARY,3.7,5.0,4.3,4.3,5.8,83200.0,4
ST ROBERT CATHOLIC ELEMENTARY SCHOOL,ES,North York,43.7496661311,-79.4441484418,ELEMENTARY,6.4,6.7,6.6,6.6,7.1,86784.0,4
ST ROCH CATHOLIC ELEMENTARY SCHOOL,ES,North York,43.7537165661,-79.5667530217,ELEMENTARY,5.3,4.4,4.8,4.8,4.4,52096.0,2
ST ROSE OF LIMA CATHOLIC ELEMENTARY SCHOOL,ES,Scarborough,43.757482394,-79.240559927,ELEMENTARY,4.8,5.3,5.1,5.1,6.3,67584.0,3
ST SEBASTIAN CATHOLIC ELEMENTARY SCHOOL,ES,former Toronto,43.662774734,-79.4399297248,ELEMENTARY,8.4,7.6,8.0,8.0,10.0,80384.0,4
ST SIMON CATHOLIC ELEMENTARY SCHOOL,ES,North York,43.7197414913,-79.5359781314,ELEMENTARY,5.5,5.8,5.7,5.7,5.3,83200.0,4
ST STEPHEN CATHOLIC ELEMENTARY SCHOOL,ES,Etobicoke,43.7219306309,-79.5544491747,ELEMENTARY,3.9,3.7,3.8,3.8,4.5,85760.0,4
EASTVIEW JUNIOR PUBLIC SCHOOL,EP,Scarborough,43.7590712689,-79.1913384782,ELEMENTARY,1.6,3.4,2.5,2.4,3.2,84907.0,4
EGLINTON JUNIOR PUBLIC SCHOOL,EP,former Toronto,43.707912337,-79.3908500704,ELEMENTARY,8.0,7.2,7.5,7.4,5.8,65408.0,3
ELMBANK JUNIOR MIDDLE ACADEMY,EP,Etobicoke,43.736501904,-79.590047073,ELEMENTARY,5.2,4.4,4.0,2.5,4.0,63808.0,3
EMERY ADULT LEARNING CENTRE,EP,North York,43.748722706,-79.539556981,SECONDARY,3.6,2.9,2.3,1.4,1.5,47053.0,2
EMILY CARR PUBLIC SCHOOL,EP,Scarborough,43.8050310016,-79.2069390465,ELEMENTARY,4.0,6.4,5.1,4.8,5.5,76416.0,3
ERNEST PUBLIC SCHOOL,EP,North York,43.7914240774,-79.337385801,ELEMENTARY,7.6,7.9,7.8,8.0,7.5,57984.0,2
ESSEX JUNIOR & SENIOR PUBLIC SCHOOL,EP,former Toronto,43.6682623332,-79.4222713421,ELEMENTARY,6.7,1.7,5.1,6.8,4.9,65365.0,3
ETOBICOKE COLLEGIATE INSTITUTE,EP,Etobicoke,43.6500927805,-79.522299488,SECONDARY,7.7,7.6,7.4,7.8,7.7,97792.0,4
F H MILLER JUNIOR PUBLIC SCHOOL,EP,York,43.6840143564,-79.4589013604,ELEMENTARY,3.9,4.1,4.1,4.3,4.5,73557.0,3
FAIRBANK MEMORIAL COMMUNITY SCHOOL,EP,York,43.691703239,-79.455405701,ELEMENTARY,2.8,2.4,3.0,3.8,5.8,60544.0,3
FAIRGLEN JUNIOR PUBLIC SCHOOL,EP,Scarborough,43.7849449836,-79.3222414192,ELEMENTARY,5.1,8.7,7.2,7.9,9.3,68693.0,3
FAIRMOUNT JUNIOR PUBLIC SCHOOL,EP,Scarborough,43.719766693,-79.2308973734,ELEMENTARY,5.9,7.4,6.6,6.5,5.9,96000.0,4
FATHER JOHN REDMOND CATHOLIC SECONDARY SCHOOL,ES,Etobicoke,43.595141345,-79.516538766,SECONDARY,8.2,7.9,8.1,7.9,7.9,47232.0,2
FATHER SERRA CATHOLIC ELEMENTARY SCHOOL,ES,Etobicoke,43.6862520081,-79.5368479602,ELEMENTARY,8.6,7.8,8.2,8.2,8.7,114176.0,5
FERN AVENUE JUNIOR & SENIOR PUBLIC SCHOOL,EP,former Toronto,43.6451888925,-79.4461161,ELEMENTARY,7.1,7.5,7.2,7.1,6.7,97280.0,4
FLEMING PUBLIC SCHOOL,EP,Scarborough,43.8153698354,-79.2037173485,ELEMENTARY,9.1,8.6,9.1,9.5,9.0,101888.0,5
FOREST HILL JUNIOR & SENIOR PUBLIC SCHOOL,EP,former Toronto,43.6954038636,-79.4141272499,SECONDARY,8.5,7.8,8.4,8.2,7.9,431104.0,10
FOREST MANOR PUBLIC SCHOOL,EP,North York,43.771042734,-79.3430668,ELEMENTARY,7.3,8.2,7.7,7.6,7.8,51994.0,2
ST BEDE CATHOLIC ELEMENTARY SCHOOL,ES,Scarborough,43.8179875235,-79.2065508937,ELEMENTARY,3.2,3.8,3.5,3.5,7.1,79872.0,3
ST CLEMENTS,PR,former Toronto,43.7126102182,-79.4003283087,ELEMENTARY,9.5,7.9,8.7,8.7,8.4,90112.0,4
GEORGE B LITTLE PUBLIC SCHOOL,EP,Scarborough,43.7712080228,-79.2081136384,ELEMENTARY,6.0,6.2,6.1,6.2,7.2,71936.0,3
HERITAGE PARK PUBLIC SCHOOL,EP,Scarborough,43.821350885,-79.207720158,ELEMENTARY,6.6,6.1,6.2,6.0,7.6,97792.0,4
HOLY SPIRIT CATHOLIC ELEMENTARY SCHOOL,ES,Scarborough,43.7812163629,-79.3030994655,ELEMENTARY,5.7,4.5,5.1,5.1,4.7,42931.0,2
INGLEWOOD HEIGHTS JUNIOR PUBLIC SCHOOL,EP,Scarborough,43.779416136,-79.2923213704,ELEMENTARY,7.8,6.8,7.1,6.8,5.3,62720.0,3
J G WORKMAN PUBLIC SCHOOL,EP,Scarborough,43.7071998563,-79.2671311324,ELEMENTARY,5.5,5.2,5.1,4.7,4.6,60288.0,3
HIGHLAND HEIGHTS JUNIOR PUBLIC SCHOOL,EP,Scarborough,43.7944285199,-79.3002655587,ELEMENTARY,0.7,3.8,2.4,2.6,3.9,94464.0,4
JOSYF CARDINAL SLIPYJ CATHOLIC ELEMENTARY SCHOOL,ES,Etobicoke,43.6594837738,-79.566028697,ELEMENTARY,9.1,8.1,8.6,8.6,9.0,91648.0,4
LORD ROBERTS JUNIOR PUBLIC SCHOOL,EP,Scarborough,43.741435024,-79.2636629041,ELEMENTARY,7.0,7.3,7.3,7.6,7.8,77952.0,3
MARTINGROVE COLLEGIATE INSTITUTE,EP,Etobicoke,43.6733913503,-79.5607429325,SECONDARY,7.4,6.9,7.3,7.3,6.6,160000.0,8
MEADOWVALE PUBLIC SCHOOL,EP,Scarborough,43.795511013,-79.164068184,ELEMENTARY,6.2,6.5,6.1,5.6,4.9,95104.0,4
MOUNTVIEW ALTERNATIVE JUNIOR SCHOOL,EP,former Toronto,43.6575160553,-79.4615998374,ELEMENTARY,8.5,7.9,7.9,7.2,7.8,54464.0,2
NORTH BENDALE JUNIOR PUBLIC SCHOOL,EP,Scarborough,43.7704623176,-79.2476396688,ELEMENTARY,4.7,4.2,4.6,4.8,7.5,81664.0,4
NORTHERN SECONDARY SCHOOL,EP,former Toronto,43.7105456904,-79.3901675389,SECONDARY,7.4,7.5,7.3,7.5,7.6,42880.0,2
OUR LADY OF FATIMA CATHOLIC ELEMENTARY SCHOOL,ES,Scarborough,43.7101685372,-79.2936190562,ELEMENTARY,6.4,6.4,6.4,6.4,5.4,76288.0,3
PARKDALE JUNIOR & SENIOR PUBLIC SCHOOL,EP,former Toronto,43.6431958671,-79.4368018278,SECONDARY,5.4,3.9,4.1,6.2,5.3,18016.0,0
PRINCE OF PEACE CATHOLIC ELEMENTARY SCHOOL,ES,Scarborough,43.8253976827,-79.2789475262,ELEMENTARY,9.0,8.7,8.9,8.9,8.4,92032.0,4
AFRICENTRIC ALTERNATIVE SCHOOL,EP,North York,43.7454329485,-79.488263932,ELEMENTARY,7.9,3.4,5.7,5.7,3.0,55328.0,2
BLYTHWOOD JUNIOR PUBLIC SCHOOL,EP,former Toronto,43.7199400886,-79.389508951,ELEMENTARY,9.3,9.5,9.3,9.1,9.8,423936.0,10
BROOKMILL BOULEVARD JUNIOR PUBLIC SCHOOL,EP,Scarborough,43.8012289962,-79.3148712331,ELEMENTARY,8.7,7.9,8.7,9.5,8.0,65792.0,3
ST SYLVESTER CATHOLIC ELEMENTARY SCHOOL,ES,Scarborough,43.8053669982,-79.302249616,ELEMENTARY,7.9,7.0,7.5,7.5,9.1,62848.0,3
ST TERESA CATHOLIC ELEMENTARY SCHOOL,ES,Etobicoke,43.5993071274,-79.5090628039,ELEMENTARY,8.0,6.0,7.0,7.0,5.3,53760.0,2
ST THERESA SHRINE CATHOLIC ELEMENTARY SCHOOL,ES,Scarborough,43.7156464589,-79.2424787861,ELEMENTARY,5.7,4.7,5.2,5.2,6.1,90880.0,4
ST THOMAS AQUINAS CATHOLIC ELEMENTARY SCHOOL,ES,York,43.695898292,-79.4457470416,ELEMENTARY,5.4,4.8,5.1,5.1,6.1,42624.0,2
ST THOMAS MORE CATHOLIC ELEMENTARY SCHOOL,ES,Scarborough,43.7787119408,-79.2254580875,ELEMENTARY,6.0,6.9,6.5,6.5,6.5,86784.0,4
ST TIMOTHY CATHOLIC ELEMENTARY SCHOOL,ES,North York,43.7751617726,-79.3513657442,ELEMENTARY,7.1,6.7,6.9,6.9,5.2,59136.0,2
ST URSULA CATHOLIC ELEMENTARY SCHOOL,ES,Scarborough,43.749792209,-79.199660401,ELEMENTARY,6.0,6.8,6.4,6.4,5.6,116139.0,5
ST VICTOR CATHOLIC ELEMENTARY SCHOOL,ES,Scarborough,43.7690657622,-79.2591085763,ELEMENTARY,7.5,7.3,7.4,7.4,5.6,76416.0,3
ST VINCENT DE PAUL CATHOLIC ELEMENTARY SCHOOL,ES,former Toronto,43.6468378426,-79.4479262725,ELEMENTARY,8.6,7.6,8.1,8.1,8.1,95488.0,4
ST WILFRID CATHOLIC ELEMENTARY SCHOOL,ES,North York,43.759916877,-79.502554305,ELEMENTARY,6.1,6.2,6.2,6.2,5.4,38784.0,1
STELLA MARIS CATHOLIC ELEMENTARY SCHOOL,ES,former Toronto,43.6796593255,-79.4452194022,ELEMENTARY,6.8,6.9,6.9,6.9,6.7,50731.0,2
STEPHEN LEACOCK COLLEGIATE INSTITUTE,EP,Scarborough,43.785203437,-79.300856892,SECONDARY,5.6,5.6,5.0,5.6,6.7,55936.0,2
SUMMIT HEIGHTS PUBLIC SCHOOL,EP,North York,43.7413303735,-79.4300402004,ELEMENTARY,9.1,9.3,9.2,9.3,8.9,184832.0,9
ST MATTHEW CATHOLIC ELEMENTARY SCHOOL,ES,York,43.6806788186,-79.4679461381,ELEMENTARY,5.7,6.4,6.1,6.1,4.7,62208.0,3
HUMBERWOOD DOWNS JUNIOR MIDDLE ACADEMY,EP,Etobicoke,43.728885862,-79.619181875,ELEMENTARY,8.5,8.4,8.2,7.6,7.1,87296.0,4
JOHN WANLESS JUNIOR PUBLIC SCHOOL,EP,former Toronto,43.7287873266,-79.4118028999,ELEMENTARY,8.3,7.7,8.0,7.9,8.0,180480.0,9
R J LANG ELEMENTARY & MIDDLE SCHOOL,EP,North York,43.7834939824,-79.4265137302,ELEMENTARY,5.2,4.9,4.3,2.8,5.1,67840.0,3
BALMY BEACH COMMUNITY SCHOOL,EP,former Toronto,43.676435913,-79.289826943,ELEMENTARY,8.4,8.3,8.2,7.9,8.4,137387.0,6
BLAKE STREET JUNIOR PUBLIC SCHOOL,EP,former Toronto,43.6718149548,-79.3384794702,ELEMENTARY,5.0,4.2,4.9,5.5,6.8,28890.0,1
CHAMINADE COLLEGE SCHOOL,ES,North York,43.7100995467,-79.4960627332,SECONDARY,6.6,7.0,5.3,6.9,6.5,81408.0,4
EPIPHANY OF OUR LORD CATHOLIC ACADEMY,ES,Scarborough,43.7989667049,-79.328943481,ELEMENTARY,6.8,7.4,7.1,7.1,5.7,62848.0,3
FATHER HENRY CARR CATHOLIC SECONDARY SCHOOL,ES,Etobicoke,43.7358510633,-79.5923808573,SECONDARY,4.3,3.1,2.7,3.6,5.6,89216.0,4
REGINA MUNDI CATHOLIC ELEMENTARY SCHOOL,ES,North York,43.7098236976,-79.4595896997,ELEMENTARY,6.4,6.2,6.3,6.3,7.6,83456.0,4
SANTA MARIA CATHOLIC ELEMENTARY SCHOOL,ES,York,43.680973289,-79.477680893,ELEMENTARY,2.0,1.3,1.7,1.7,3.0,68096.0,3
SHIRLEY STREET JUNIOR PUBLIC SCHOOL,EP,former Toronto,43.6485328137,-79.4367254178,ELEMENTARY,5.2,6.2,6.2,7.2,7.3,66304.0,3
SIR WILFRID LAURIER COLLEGIATE INSTITUTE,EP,Scarborough,43.7470421099,-79.1969946599,SECONDARY,5.1,4.1,5.5,4.9,5.3,73472.0,3
ST AMBROSE CATHOLIC ELEMENTARY SCHOOL,ES,Etobicoke,43.6083786626,-79.550126148,ELEMENTARY,6.9,6.7,6.8,6.8,8.6,68608.0,3
YORK MEMORIAL COLLEGIATE INSTITUTE,EP,York,43.6902873075,-79.4762430675,SECONDARY,4.5,4.6,4.9,4.7,4.6,52480.0,2
EDGEWOOD PUBLIC SCHOOL,EP,Scarborough,43.766305458,-79.265812032,ELEMENTARY,3.2,4.3,4.0,4.5,5.4,125952.0,6
FAYWOOD ARTS BASED CURRICULUM SCHOOL,EP,North York,43.7398636296,-79.4467005946,ELEMENTARY,7.2,8.2,6.9,5.2,5.9,128128.0,6
ELIZABETH SIMCOE JUNIOR PUBLIC SCHOOL,EP,Scarborough,43.7381605682,-79.2060380481,ELEMENTARY,6.2,7.3,6.5,6.0,8.5,125824.0,6
ROCKFORD PUBLIC SCHOOL,EP,North York,43.7862339504,-79.4523042954,ELEMENTARY,5.4,5.1,5.6,6.2,4.9,91776.0,4
SACRED HEART CATHOLIC ELEMENTARY SCHOOL,ES,Scarborough,43.8121926178,-79.2201472032,ELEMENTARY,6.7,6.4,6.6,6.6,5.1,71936.0,3
SECOND STREET JUNIOR MIDDLE SCHOOL,EP,Etobicoke,43.6036769908,-79.49976953,ELEMENTARY,5.1,5.5,5.6,6.2,6.4,69376.0,3
ST BARBARA CATHOLIC ELEMENTARY SCHOOL,ES,Scarborough,43.7623207974,-79.2187616205,ELEMENTARY,4.8,4.4,4.6,4.6,5.5,54144.0,2
ST CECILIA CATHOLIC ELEMENTARY SCHOOL,ES,former Toronto,43.661108355,-79.4745293095,ELEMENTARY,5.5,7.3,6.4,6.4,7.6,114944.0,5
GEORGE WEBSTER ELEMENTARY SCHOOL,EP,East York,43.7019645303,-79.2994937731,ELEMENTARY,6.2,6.2,6.2,6.2,6.2,56064.0,2
GULFSTREAM PUBLIC SCHOOL,EP,North York,43.7390865695,-79.5420130895,ELEMENTARY,7.5,8.0,7.8,8.0,8.2,72832.0,3
HUMEWOOD COMMUNITY SCHOOL,EP,York,43.6866436809,-79.4280237018,ELEMENTARY,7.2,7.2,6.7,5.7,7.0,101888.0,5
IROQUOIS JUNIOR PUBLIC SCHOOL,EP,Scarborough,43.8026887677,-79.2694440142,ELEMENTARY,6.0,7.1,7.1,8.2,8.1,86144.0,4
JOHN A LESLIE PUBLIC SCHOOL,EP,Scarborough,43.7141304897,-79.2488552788,ELEMENTARY,5.7,5.4,5.7,6.0,6.3,75008.0,3
JOSEPH BRANT SENIOR PUBLIC SCHOOL,EP,Scarborough,43.766969326,-79.175737692,ELEMENTARY,6.1,4.5,5.3,5.4,5.0,100011.0,5
KEW BEACH JUNIOR PUBLIC SCHOOL,EP,former Toronto,43.6684728304,-79.302730524,ELEMENTARY,8.0,8.1,8.2,8.4,7.2,108288.0,5
KNOB HILL JUNIOR PUBLIC SCHOOL,EP,Scarborough,43.7453008866,-79.2497882292,ELEMENTARY,5.8,4.7,5.4,5.6,5.3,73728.0,3
MACKLIN PUBLIC SCHOOL,EP,Scarborough,43.821991912,-79.267694228,ELEMENTARY,5.5,6.3,6.2,6.7,7.5,71680.0,3
MARSHALL MCLUHAN CATHOLIC SECONDARY SCHOOL,ES,former Toronto,43.7076088365,-79.4097384072,SECONDARY,6.3,6.3,6.7,5.2,6.1,141824.0,7
NORSEMAN JUNIOR MIDDLE SCHOOL,EP,Etobicoke,43.63430526,-79.51632975,ELEMENTARY,7.8,7.7,7.5,7.1,8.0,92160.0,4
OUR LADY OF GUADALUPE CATHOLIC ELEMENTARY SCHOOL,ES,North York,43.7898828489,-79.3533514662,ELEMENTARY,6.7,6.7,6.7,6.7,8.1,52096.0,2
PORT ROYAL PUBLIC SCHOOL,EP,Scarborough,43.8246410228,-79.2899699652,ELEMENTARY,7.7,8.1,7.5,6.6,8.2,73472.0,3
ANNUNCIATION CATHOLIC ELEMENTARY SCHOOL,ES,North York,43.7533594911,-79.3212710336,ELEMENTARY,8.0,8.7,8.4,8.4,7.4,91392.0,4
BEDFORD PARK PUBLIC SCHOOL,EP,former Toronto,43.727854697,-79.400027618,ELEMENTARY,8.5,7.8,8.2,8.3,8.4,47936.0,2
C D FARQUHARSON JUNIOR PUBLIC SCHOOL,EP,Scarborough,43.7844757686,-79.2661087462,ELEMENTARY,8.4,8.5,8.8,9.6,8.2,62976.0,3
CENTENNIAL ROAD JUNIOR PUBLIC SCHOOL,EP,Scarborough,43.7869708882,-79.1500269842,ELEMENTARY,8.4,7.5,8.0,8.2,8.4,119552.0,5
DEER PARK JUNIOR & SENIOR PUBLIC SCHOOL,EP,former Toronto,43.6896605358,-79.3915596229,ELEMENTARY,9.7,8.7,9.2,9.1,8.8,54336.0,2
DUNLACE PUBLIC SCHOOL,EP,North York,43.762459427,-79.370357324,ELEMENTARY,8.4,9.5,8.6,7.9,8.6,116480.0,5
SWANSEA JUNIOR & SENIOR PUBLIC SCHOOL,EP,former Toronto,43.6434659632,-79.4770883043,ELEMENTARY,6.9,8.0,7.7,8.1,8.3,139776.0,6
ST FLORENCE CATHOLIC ELEMENTARY SCHOOL,ES,Scarborough,43.79841396,-79.207002277,ELEMENTARY,5.5,4.3,4.9,4.9,6.1,85888.0,4
ST JAMES CATHOLIC ELEMENTARY SCHOOL,ES,York,43.6646822671,-79.4954011469,ELEMENTARY,4.0,4.7,4.3,4.3,4.4,130816.0,6
